{
   "d":{
      "results":[
         {
            "__metadata":{
               "uri":"https://oktnb132.inf.elte.hu:51010/company.xsodata/COMPANY()",
               "type":"default.COMPANYType"
            },
            "TARS_ROV_NEV":"\nMAGGO Rt. f.a.",
            "TARS_HOSZ_NEV":"MAGGO Termelõ Részvénytársaság f.a.",
            "CIM_EGYBEN":"Ismeretlen",
            "TARS_TIPUS_MEGNEV":"Gazdasági Társaság",
            "TARS_TIPUS_KOD":1,
            "ADOSZAM":"99990004-0-00 ",
            "GAZD_FORM":"Részvénytársaság",
            "GAZD_FORM_KOD":15,
            "CEGALL":"Felszámolás alatt",
            "CEGALL_KOD":1,
            "NEMGAZD_AG_MEGNEV":"Feldolgozóipar",
            "NEMGAZD_AG_KOD":"C",
            "NEMGAZD_AGAZAT_MEGNEV":"Gép, gépi berendezés gyártása",
            "NEMGAZD_AGAZAT_KOD":"28",
            "NEMGAZD_SZAKAGAZAT_MEGNEV":"M.n.s. egyéb általános rendeltetésû gép gyártása",
            "NEMGAZD_SZAKAGAZAT_KOD":2829,
            "JEGYZ_TOKE_ERT_HUF":"667299000",
            "ORSZAG":"Magyarország",
            "ORSZAG_KOD":"HU",
            "REGIO":"Közép-Magyarország régió",
            "REGIO_KOD":6,
            "MEGYE":"Budapest",
            "MEGYE_KOD":1,
            "TELEPULES":"Budapest",
            "TELEPULES_KOD":60,
            "ASZ_EVE":2014
         },
         {
            "__metadata":{
               "uri":"https://oktnb132.inf.elte.hu:51010/company.xsodata/COMPANY()",
               "type":"default.COMPANYType"
            },
            "TARS_ROV_NEV":"\nCluj Fejér Megyei International Turism SRL",
            "TARS_HOSZ_NEV":"Cluj Fejér Megyei International Turism SRL",
            "CIM_EGYBEN":"400600 Cluj-Napoca (Kolozsvár) 1989 Decembrie 21. 58.",
            "TARS_TIPUS_MEGNEV":"Gazdasági Társaság",
            "TARS_TIPUS_KOD":1,
            "ADOSZAM":"99990001-0-00 ",
            "GAZD_FORM":"SRL",
            "GAZD_FORM_KOD":16,
            "CEGALL":"Mûködõ",
            "CEGALL_KOD":4,
            "NEMGAZD_AG_MEGNEV":"Szálláshely-szolgáltatás, vendéglátás",
            "NEMGAZD_AG_KOD":"I",
            "NEMGAZD_AGAZAT_MEGNEV":"Szálláshely-szolgáltatás",
            "NEMGAZD_AGAZAT_KOD":"55",
            "NEMGAZD_SZAKAGAZAT_MEGNEV":"Üdülési, egyéb átmeneti szálláshely-szolgáltatás",
            "NEMGAZD_SZAKAGAZAT_KOD":5520,
            "JEGYZ_TOKE_ERT_HUF":"17674",
            "ORSZAG":"Románia",
            "ORSZAG_KOD":"RO",
            "REGIO":"Egyéb",
            "REGIO_KOD":8,
            "MEGYE":"Egyéb",
            "MEGYE_KOD":21,
            "TELEPULES":"Kolozsvár",
            "TELEPULES_KOD":3273,
            "ASZ_EVE":2017
         },
         {
            "__metadata":{
               "uri":"https://oktnb132.inf.elte.hu:51010/company.xsodata/COMPANY()",
               "type":"default.COMPANYType"
            },
            "TARS_ROV_NEV":"\nLatorcai 2009 s.r.o.",
            "TARS_HOSZ_NEV":"Latorcai 2009 s.r.o.",
            "CIM_EGYBEN":"943 57 Kamenín (Kéménd) Kamenín utca 57",
            "TARS_TIPUS_MEGNEV":"Gazdasági Társaság",
            "TARS_TIPUS_KOD":1,
            "ADOSZAM":"99990003-0-00 ",
            "GAZD_FORM":"Korlátolt Felelõsségû Társaság",
            "GAZD_FORM_KOD":8,
            "CEGALL":"Mûködõ",
            "CEGALL_KOD":4,
            "NEMGAZD_AG_MEGNEV":"Építõipar",
            "NEMGAZD_AG_KOD":"F",
            "NEMGAZD_AGAZAT_MEGNEV":"Speciális szaképítés",
            "NEMGAZD_AGAZAT_KOD":"43",
            "NEMGAZD_SZAKAGAZAT_MEGNEV":"Egyéb befejezõ építés m.n.s.",
            "NEMGAZD_SZAKAGAZAT_KOD":4339,
            "JEGYZ_TOKE_ERT_HUF":"1486150",
            "ORSZAG":"Szlovákia",
            "ORSZAG_KOD":"SK",
            "REGIO":"Egyéb",
            "REGIO_KOD":8,
            "MEGYE":"Egyéb",
            "MEGYE_KOD":21,
            "TELEPULES":"Kéménd",
            "TELEPULES_KOD":3386,
            "ASZ_EVE":2014
         },
         {
            "__metadata":{
               "uri":"https://oktnb132.inf.elte.hu:51010/company.xsodata/COMPANY()",
               "type":"default.COMPANYType"
            },
            "TARS_ROV_NEV":"\nSC SZABOLCS-HAR SRL",
            "TARS_HOSZ_NEV":"SC SZABOLCS-HAR SRL",
            "CIM_EGYBEN":"530130 Miercurea Ciuc (Csíkszereda), Str. Kossuth Lajos u. 21.",
            "TARS_TIPUS_MEGNEV":"Gazdasági Társaság",
            "TARS_TIPUS_KOD":1,
            "ADOSZAM":"99990005-0-00 ",
            "GAZD_FORM":"Korlátolt Felelõsségû Társaság",
            "GAZD_FORM_KOD":8,
            "CEGALL":"Mûködõ",
            "CEGALL_KOD":4,
            "NEMGAZD_AG_MEGNEV":"Szakmai, tudományos, mûszaki tevékenység",
            "NEMGAZD_AG_KOD":"M",
            "NEMGAZD_AGAZAT_MEGNEV":"Üzletvezetési, vezetõi tanácsadás",
            "NEMGAZD_AGAZAT_KOD":"70",
            "NEMGAZD_SZAKAGAZAT_MEGNEV":"Üzletviteli, egyéb vezetési tanácsadás",
            "NEMGAZD_SZAKAGAZAT_KOD":7022,
            "JEGYZ_TOKE_ERT_HUF":"5114911",
            "ORSZAG":"Románia",
            "ORSZAG_KOD":"RO",
            "REGIO":"Egyéb",
            "REGIO_KOD":8,
            "MEGYE":"Egyéb",
            "MEGYE_KOD":21,
            "TELEPULES":"Csíkszereda",
            "TELEPULES_KOD":3321,
            "ASZ_EVE":2014
         },
         {
            "__metadata":{
               "uri":"https://oktnb132.inf.elte.hu:51010/company.xsodata/COMPANY()",
               "type":"default.COMPANYType"
            },
            "TARS_ROV_NEV":"\nSC SZABOLCS-HAR SRL",
            "TARS_HOSZ_NEV":"SC SZABOLCS-HAR SRL",
            "CIM_EGYBEN":"530130 Miercurea Ciuc (Csíkszereda), Str. Kossuth Lajos u. 21.",
            "TARS_TIPUS_MEGNEV":"Gazdasági Társaság",
            "TARS_TIPUS_KOD":1,
            "ADOSZAM":"99990005-0-00 ",
            "GAZD_FORM":"Korlátolt Felelõsségû Társaság",
            "GAZD_FORM_KOD":8,
            "CEGALL":"Mûködõ",
            "CEGALL_KOD":4,
            "NEMGAZD_AG_MEGNEV":"Szakmai, tudományos, mûszaki tevékenység",
            "NEMGAZD_AG_KOD":"M",
            "NEMGAZD_AGAZAT_MEGNEV":"Üzletvezetési, vezetõi tanácsadás",
            "NEMGAZD_AGAZAT_KOD":"70",
            "NEMGAZD_SZAKAGAZAT_MEGNEV":"Üzletviteli, egyéb vezetési tanácsadás",
            "NEMGAZD_SZAKAGAZAT_KOD":7022,
            "JEGYZ_TOKE_ERT_HUF":"5114911",
            "ORSZAG":"Románia",
            "ORSZAG_KOD":"RO",
            "REGIO":"Egyéb",
            "REGIO_KOD":8,
            "MEGYE":"Egyéb",
            "MEGYE_KOD":21,
            "TELEPULES":"Csíkszereda",
            "TELEPULES_KOD":3321,
            "ASZ_EVE":2015
         },
         {
            "__metadata":{
               "uri":"https://oktnb132.inf.elte.hu:51010/company.xsodata/COMPANY()",
               "type":"default.COMPANYType"
            },
            "TARS_ROV_NEV":"\nCluj Fejér Megyei International Turism SRL",
            "TARS_HOSZ_NEV":"Cluj Fejér Megyei International Turism SRL",
            "CIM_EGYBEN":"400600 Cluj-Napoca (Kolozsvár) 1989 Decembrie 21. 58.",
            "TARS_TIPUS_MEGNEV":"Gazdasági Társaság",
            "TARS_TIPUS_KOD":1,
            "ADOSZAM":"99990001-0-00 ",
            "GAZD_FORM":"SRL",
            "GAZD_FORM_KOD":16,
            "CEGALL":"Mûködõ",
            "CEGALL_KOD":4,
            "NEMGAZD_AG_MEGNEV":"Szálláshely-szolgáltatás, vendéglátás",
            "NEMGAZD_AG_KOD":"I",
            "NEMGAZD_AGAZAT_MEGNEV":"Szálláshely-szolgáltatás",
            "NEMGAZD_AGAZAT_KOD":"55",
            "NEMGAZD_SZAKAGAZAT_MEGNEV":"Üdülési, egyéb átmeneti szálláshely-szolgáltatás",
            "NEMGAZD_SZAKAGAZAT_KOD":5520,
            "JEGYZ_TOKE_ERT_HUF":"17674",
            "ORSZAG":"Románia",
            "ORSZAG_KOD":"RO",
            "REGIO":"Egyéb",
            "REGIO_KOD":8,
            "MEGYE":"Egyéb",
            "MEGYE_KOD":21,
            "TELEPULES":"Kolozsvár",
            "TELEPULES_KOD":3273,
            "ASZ_EVE":2014
         },
         {
            "__metadata":{
               "uri":"https://oktnb132.inf.elte.hu:51010/company.xsodata/COMPANY()",
               "type":"default.COMPANYType"
            },
            "TARS_ROV_NEV":"\nLatorcai 2009 s.r.o.",
            "TARS_HOSZ_NEV":"Latorcai 2009 s.r.o.",
            "CIM_EGYBEN":"943 57 Kamenín (Kéménd) Kamenín utca 57",
            "TARS_TIPUS_MEGNEV":"Gazdasági Társaság",
            "TARS_TIPUS_KOD":1,
            "ADOSZAM":"99990003-0-00 ",
            "GAZD_FORM":"Korlátolt Felelõsségû Társaság",
            "GAZD_FORM_KOD":8,
            "CEGALL":"Mûködõ",
            "CEGALL_KOD":4,
            "NEMGAZD_AG_MEGNEV":"Építõipar",
            "NEMGAZD_AG_KOD":"F",
            "NEMGAZD_AGAZAT_MEGNEV":"Speciális szaképítés",
            "NEMGAZD_AGAZAT_KOD":"43",
            "NEMGAZD_SZAKAGAZAT_MEGNEV":"Egyéb befejezõ építés m.n.s.",
            "NEMGAZD_SZAKAGAZAT_KOD":4339,
            "JEGYZ_TOKE_ERT_HUF":"1486150",
            "ORSZAG":"Szlovákia",
            "ORSZAG_KOD":"SK",
            "REGIO":"Egyéb",
            "REGIO_KOD":8,
            "MEGYE":"Egyéb",
            "MEGYE_KOD":21,
            "TELEPULES":"Kéménd",
            "TELEPULES_KOD":3386,
            "ASZ_EVE":2015
         },
         {
            "__metadata":{
               "uri":"https://oktnb132.inf.elte.hu:51010/company.xsodata/COMPANY()",
               "type":"default.COMPANYType"
            },
            "TARS_ROV_NEV":"\nLatorcai 2009 s.r.o.",
            "TARS_HOSZ_NEV":"Latorcai 2009 s.r.o.",
            "CIM_EGYBEN":"943 57 Kamenín (Kéménd) Kamenín utca 57",
            "TARS_TIPUS_MEGNEV":"Gazdasági Társaság",
            "TARS_TIPUS_KOD":1,
            "ADOSZAM":"99990003-0-00 ",
            "GAZD_FORM":"Korlátolt Felelõsségû Társaság",
            "GAZD_FORM_KOD":8,
            "CEGALL":"Mûködõ",
            "CEGALL_KOD":4,
            "NEMGAZD_AG_MEGNEV":"Építõipar",
            "NEMGAZD_AG_KOD":"F",
            "NEMGAZD_AGAZAT_MEGNEV":"Speciális szaképítés",
            "NEMGAZD_AGAZAT_KOD":"43",
            "NEMGAZD_SZAKAGAZAT_MEGNEV":"Egyéb befejezõ építés m.n.s.",
            "NEMGAZD_SZAKAGAZAT_KOD":4339,
            "JEGYZ_TOKE_ERT_HUF":"1486150",
            "ORSZAG":"Szlovákia",
            "ORSZAG_KOD":"SK",
            "REGIO":"Egyéb",
            "REGIO_KOD":8,
            "MEGYE":"Egyéb",
            "MEGYE_KOD":21,
            "TELEPULES":"Kéménd",
            "TELEPULES_KOD":3386,
            "ASZ_EVE":2016
         },
         {
            "__metadata":{
               "uri":"https://oktnb132.inf.elte.hu:51010/company.xsodata/COMPANY()",
               "type":"default.COMPANYType"
            },
            "TARS_ROV_NEV":"\nLatorcai 2009 s.r.o.",
            "TARS_HOSZ_NEV":"Latorcai 2009 s.r.o.",
            "CIM_EGYBEN":"943 57 Kamenín (Kéménd) Kamenín utca 57",
            "TARS_TIPUS_MEGNEV":"Gazdasági Társaság",
            "TARS_TIPUS_KOD":1,
            "ADOSZAM":"99990003-0-00 ",
            "GAZD_FORM":"Korlátolt Felelõsségû Társaság",
            "GAZD_FORM_KOD":8,
            "CEGALL":"Mûködõ",
            "CEGALL_KOD":4,
            "NEMGAZD_AG_MEGNEV":"Kereskedelem, gépjármûjavítás",
            "NEMGAZD_AG_KOD":"G",
            "NEMGAZD_AGAZAT_MEGNEV":"Gépjármû-, motorkerékpár kereskedeleme, javítása",
            "NEMGAZD_AGAZAT_KOD":"45",
            "NEMGAZD_SZAKAGAZAT_MEGNEV":"Motorkerékpár, -alkatrész kereskedelme, javítása",
            "NEMGAZD_SZAKAGAZAT_KOD":4540,
            "JEGYZ_TOKE_ERT_HUF":"1486150",
            "ORSZAG":"Szlovákia",
            "ORSZAG_KOD":"SK",
            "REGIO":"Egyéb",
            "REGIO_KOD":8,
            "MEGYE":"Egyéb",
            "MEGYE_KOD":21,
            "TELEPULES":"Kéménd",
            "TELEPULES_KOD":3386,
            "ASZ_EVE":2017
         },
         {
            "__metadata":{
               "uri":"https://oktnb132.inf.elte.hu:51010/company.xsodata/COMPANY()",
               "type":"default.COMPANYType"
            },
            "TARS_ROV_NEV":"\nMAGGO Rt. f.a.",
            "TARS_HOSZ_NEV":"MAGGO Termelõ Részvénytársaság f.a.",
            "CIM_EGYBEN":"Ismeretlen",
            "TARS_TIPUS_MEGNEV":"Gazdasági Társaság",
            "TARS_TIPUS_KOD":1,
            "ADOSZAM":"99990004-0-00 ",
            "GAZD_FORM":"Részvénytársaság",
            "GAZD_FORM_KOD":15,
            "CEGALL":"Felszámolás alatt",
            "CEGALL_KOD":1,
            "NEMGAZD_AG_MEGNEV":"Feldolgozóipar",
            "NEMGAZD_AG_KOD":"C",
            "NEMGAZD_AGAZAT_MEGNEV":"Gép, gépi berendezés gyártása",
            "NEMGAZD_AGAZAT_KOD":"28",
            "NEMGAZD_SZAKAGAZAT_MEGNEV":"M.n.s. egyéb általános rendeltetésû gép gyártása",
            "NEMGAZD_SZAKAGAZAT_KOD":2829,
            "JEGYZ_TOKE_ERT_HUF":"667299000",
            "ORSZAG":"Magyarország",
            "ORSZAG_KOD":"HU",
            "REGIO":"Közép-Magyarország régió",
            "REGIO_KOD":6,
            "MEGYE":"Budapest",
            "MEGYE_KOD":1,
            "TELEPULES":"Budapest",
            "TELEPULES_KOD":60,
            "ASZ_EVE":2017
         }
      ]
   }
}