[
	{
	   "TARS_ROV_NEV": "MAGGO Rt. f.a.",
	   "TARS_HOSZ_NEV": "MAGGO Termelő Részvénytársaság f.a.",
	   "CIM_EGYBEN": "Ismeretlen",
	   "TARS_TIPUS_MEGNEV": "Gazdasági Társaság",
	   "TARS_TIPUS_KOD": 1,
	   "ADOSZAM": "99990004-0-00 ",
	   "GAZD_FORM": "Részvénytársaság",
	   "GAZD_FORM_KOD": 15,
	   "CEGALL": "Felszámolás alatt",
	   "CEGALL_KOD": 1,
	   "NEMGAZD_AG_MEGNEV": "Feldolgozóipar",
	   "NEMGAZD_AG_KOD": "C",
	   "NEMGAZD_AGAZAT_MEGNEV": "Gép, gépi berendezés gyártása",
	   "NEMGAZD_AGAZAT_KOD": 28,
	   "NEMGAZD_SZAKAGAZAT_MEGNEV": "M.n.s. egyéb általános rendeltetésű gép gyártása",
	   "NEMGAZD_SZAKAGAZAT_KOD": 2829,
	   "JEGYZ_TOKE_ERT_HUF": 667299000,
	   "ORSZAG": "Magyarország",
	   "ORSZAG_KOD": "HU",
	   "REGIO": "Közép-Magyarország régió",
	   "REGIO_KOD": 6,
	   "MEGYE": "Budapest",
	   "MEGYE_KOD": 1,
	   "TELEPULES": "Budapest",
	   "TELEPULES_KOD": 60,
	   "ASZ_EVE": 2014
	 },
	 {
	   "TARS_ROV_NEV": "Cluj Fejér Megyei International Turism SRL",
	   "TARS_HOSZ_NEV": "Cluj Fejér Megyei International Turism SRL",
	   "CIM_EGYBEN": "400600 Cluj-Napoca (Kolozsvár) 1989 Decembrie 21. 58.",
	   "TARS_TIPUS_MEGNEV": "Gazdasági Társaság",
	   "TARS_TIPUS_KOD": 1,
	   "ADOSZAM": "99990001-0-00 ",
	   "GAZD_FORM": "SRL",
	   "GAZD_FORM_KOD": 16,
	   "CEGALL": "Működő",
	   "CEGALL_KOD": 4,
	   "NEMGAZD_AG_MEGNEV": "Szálláshely-szolgáltatás, vendéglátás",
	   "NEMGAZD_AG_KOD": "I",
	   "NEMGAZD_AGAZAT_MEGNEV": "Szálláshely-szolgáltatás",
	   "NEMGAZD_AGAZAT_KOD": 55,
	   "NEMGAZD_SZAKAGAZAT_MEGNEV": "Üdülési, egyéb átmeneti szálláshely-szolgáltatás",
	   "NEMGAZD_SZAKAGAZAT_KOD": 5520,
	   "JEGYZ_TOKE_ERT_HUF": 17674,
	   "ORSZAG": "Románia",
	   "ORSZAG_KOD": "RO",
	   "REGIO": "Egyéb",
	   "REGIO_KOD": 8,
	   "MEGYE": "Egyéb",
	   "MEGYE_KOD": 21,
	   "TELEPULES": "Kolozsvár",
	   "TELEPULES_KOD": 3273,
	   "ASZ_EVE": 2017
	 },
	 {
	   "TARS_ROV_NEV": "Latorcai 2009 s.r.o.",
	   "TARS_HOSZ_NEV": "Latorcai 2009 s.r.o.",
	   "CIM_EGYBEN": "943 57 Kamenín (Kéménd) Kamenín utca 57",
	   "TARS_TIPUS_MEGNEV": "Gazdasági Társaság",
	   "TARS_TIPUS_KOD": 1,
	   "ADOSZAM": "99990003-0-00 ",
	   "GAZD_FORM": "Korlátolt Felelősségű Társaság",
	   "GAZD_FORM_KOD": 8,
	   "CEGALL": "Működő",
	   "CEGALL_KOD": 4,
	   "NEMGAZD_AG_MEGNEV": "Építőipar",
	   "NEMGAZD_AG_KOD": "F",
	   "NEMGAZD_AGAZAT_MEGNEV": "Speciális szaképítés",
	   "NEMGAZD_AGAZAT_KOD": 43,
	   "NEMGAZD_SZAKAGAZAT_MEGNEV": "Egyéb befejező építés m.n.s.",
	   "NEMGAZD_SZAKAGAZAT_KOD": 4339,
	   "JEGYZ_TOKE_ERT_HUF": 1486150,
	   "ORSZAG": "Szlovákia",
	   "ORSZAG_KOD": "SK",
	   "REGIO": "Egyéb",
	   "REGIO_KOD": 8,
	   "MEGYE": "Egyéb",
	   "MEGYE_KOD": 21,
	   "TELEPULES": "Kéménd",
	   "TELEPULES_KOD": 3386,
	   "ASZ_EVE": 2014
	 },
	 {
	   "TARS_ROV_NEV": "SC SZABOLCS-HAR SRL",
	   "TARS_HOSZ_NEV": "SC SZABOLCS-HAR SRL",
	   "CIM_EGYBEN": "530130 Miercurea Ciuc (Csíkszereda), Str. Kossuth Lajos u. 21.",
	   "TARS_TIPUS_MEGNEV": "Gazdasági Társaság",
	   "TARS_TIPUS_KOD": 1,
	   "ADOSZAM": "99990005-0-00 ",
	   "GAZD_FORM": "Korlátolt Felelősségű Társaság",
	   "GAZD_FORM_KOD": 8,
	   "CEGALL": "Működő",
	   "CEGALL_KOD": 4,
	   "NEMGAZD_AG_MEGNEV": "Szakmai, tudományos, műszaki tevékenység",
	   "NEMGAZD_AG_KOD": "M",
	   "NEMGAZD_AGAZAT_MEGNEV": "Üzletvezetési, vezetői tanácsadás",
	   "NEMGAZD_AGAZAT_KOD": 70,
	   "NEMGAZD_SZAKAGAZAT_MEGNEV": "Üzletviteli, egyéb vezetési tanácsadás",
	   "NEMGAZD_SZAKAGAZAT_KOD": 7022,
	   "JEGYZ_TOKE_ERT_HUF": 5114911,
	   "ORSZAG": "Románia",
	   "ORSZAG_KOD": "RO",
	   "REGIO": "Egyéb",
	   "REGIO_KOD": 8,
	   "MEGYE": "Egyéb",
	   "MEGYE_KOD": 21,
	   "TELEPULES": "Csíkszereda",
	   "TELEPULES_KOD": 3321,
	   "ASZ_EVE": 2014
	 },
	 {
	   "TARS_ROV_NEV": "SC SZABOLCS-HAR SRL",
	   "TARS_HOSZ_NEV": "SC SZABOLCS-HAR SRL",
	   "CIM_EGYBEN": "530130 Miercurea Ciuc (Csíkszereda), Str. Kossuth Lajos u. 21.",
	   "TARS_TIPUS_MEGNEV": "Gazdasági Társaság",
	   "TARS_TIPUS_KOD": 1,
	   "ADOSZAM": "99990005-0-00 ",
	   "GAZD_FORM": "Korlátolt Felelősségű Társaság",
	   "GAZD_FORM_KOD": 8,
	   "CEGALL": "Működő",
	   "CEGALL_KOD": 4,
	   "NEMGAZD_AG_MEGNEV": "Szakmai, tudományos, műszaki tevékenység",
	   "NEMGAZD_AG_KOD": "M",
	   "NEMGAZD_AGAZAT_MEGNEV": "Üzletvezetési, vezetői tanácsadás",
	   "NEMGAZD_AGAZAT_KOD": 70,
	   "NEMGAZD_SZAKAGAZAT_MEGNEV": "Üzletviteli, egyéb vezetési tanácsadás",
	   "NEMGAZD_SZAKAGAZAT_KOD": 7022,
	   "JEGYZ_TOKE_ERT_HUF": 5114911,
	   "ORSZAG": "Románia",
	   "ORSZAG_KOD": "RO",
	   "REGIO": "Egyéb",
	   "REGIO_KOD": 8,
	   "MEGYE": "Egyéb",
	   "MEGYE_KOD": 21,
	   "TELEPULES": "Csíkszereda",
	   "TELEPULES_KOD": 3321,
	   "ASZ_EVE": 2015
	 },
	 {
	   "TARS_ROV_NEV": "Cluj Fejér Megyei International Turism SRL",
	   "TARS_HOSZ_NEV": "Cluj Fejér Megyei International Turism SRL",
	   "CIM_EGYBEN": "400600 Cluj-Napoca (Kolozsvár) 1989 Decembrie 21. 58.",
	   "TARS_TIPUS_MEGNEV": "Gazdasági Társaság",
	   "TARS_TIPUS_KOD": 1,
	   "ADOSZAM": "99990001-0-00 ",
	   "GAZD_FORM": "SRL",
	   "GAZD_FORM_KOD": 16,
	   "CEGALL": "Működő",
	   "CEGALL_KOD": 4,
	   "NEMGAZD_AG_MEGNEV": "Szálláshely-szolgáltatás, vendéglátás",
	   "NEMGAZD_AG_KOD": "I",
	   "NEMGAZD_AGAZAT_MEGNEV": "Szálláshely-szolgáltatás",
	   "NEMGAZD_AGAZAT_KOD": 55,
	   "NEMGAZD_SZAKAGAZAT_MEGNEV": "Üdülési, egyéb átmeneti szálláshely-szolgáltatás",
	   "NEMGAZD_SZAKAGAZAT_KOD": 5520,
	   "JEGYZ_TOKE_ERT_HUF": 17674,
	   "ORSZAG": "Románia",
	   "ORSZAG_KOD": "RO",
	   "REGIO": "Egyéb",
	   "REGIO_KOD": 8,
	   "MEGYE": "Egyéb",
	   "MEGYE_KOD": 21,
	   "TELEPULES": "Kolozsvár",
	   "TELEPULES_KOD": 3273,
	   "ASZ_EVE": 2014
	 },
	 {
	   "TARS_ROV_NEV": "Latorcai 2009 s.r.o.",
	   "TARS_HOSZ_NEV": "Latorcai 2009 s.r.o.",
	   "CIM_EGYBEN": "943 57 Kamenín (Kéménd) Kamenín utca 57",
	   "TARS_TIPUS_MEGNEV": "Gazdasági Társaság",
	   "TARS_TIPUS_KOD": 1,
	   "ADOSZAM": "99990003-0-00 ",
	   "GAZD_FORM": "Korlátolt Felelősségű Társaság",
	   "GAZD_FORM_KOD": 8,
	   "CEGALL": "Működő",
	   "CEGALL_KOD": 4,
	   "NEMGAZD_AG_MEGNEV": "Építőipar",
	   "NEMGAZD_AG_KOD": "F",
	   "NEMGAZD_AGAZAT_MEGNEV": "Speciális szaképítés",
	   "NEMGAZD_AGAZAT_KOD": 43,
	   "NEMGAZD_SZAKAGAZAT_MEGNEV": "Egyéb befejező építés m.n.s.",
	   "NEMGAZD_SZAKAGAZAT_KOD": 4339,
	   "JEGYZ_TOKE_ERT_HUF": 1486150,
	   "ORSZAG": "Szlovákia",
	   "ORSZAG_KOD": "SK",
	   "REGIO": "Egyéb",
	   "REGIO_KOD": 8,
	   "MEGYE": "Egyéb",
	   "MEGYE_KOD": 21,
	   "TELEPULES": "Kéménd",
	   "TELEPULES_KOD": 3386,
	   "ASZ_EVE": 2015
	 },
	 {
	   "TARS_ROV_NEV": "Latorcai 2009 s.r.o.",
	   "TARS_HOSZ_NEV": "Latorcai 2009 s.r.o.",
	   "CIM_EGYBEN": "943 57 Kamenín (Kéménd) Kamenín utca 57",
	   "TARS_TIPUS_MEGNEV": "Gazdasági Társaság",
	   "TARS_TIPUS_KOD": 1,
	   "ADOSZAM": "99990003-0-00 ",
	   "GAZD_FORM": "Korlátolt Felelősségű Társaság",
	   "GAZD_FORM_KOD": 8,
	   "CEGALL": "Működő",
	   "CEGALL_KOD": 4,
	   "NEMGAZD_AG_MEGNEV": "Építőipar",
	   "NEMGAZD_AG_KOD": "F",
	   "NEMGAZD_AGAZAT_MEGNEV": "Speciális szaképítés",
	   "NEMGAZD_AGAZAT_KOD": 43,
	   "NEMGAZD_SZAKAGAZAT_MEGNEV": "Egyéb befejező építés m.n.s.",
	   "NEMGAZD_SZAKAGAZAT_KOD": 4339,
	   "JEGYZ_TOKE_ERT_HUF": 1486150,
	   "ORSZAG": "Szlovákia",
	   "ORSZAG_KOD": "SK",
	   "REGIO": "Egyéb",
	   "REGIO_KOD": 8,
	   "MEGYE": "Egyéb",
	   "MEGYE_KOD": 21,
	   "TELEPULES": "Kéménd",
	   "TELEPULES_KOD": 3386,
	   "ASZ_EVE": 2016
	 },
	 {
	   "TARS_ROV_NEV": "Latorcai 2009 s.r.o.",
	   "TARS_HOSZ_NEV": "Latorcai 2009 s.r.o.",
	   "CIM_EGYBEN": "943 57 Kamenín (Kéménd) Kamenín utca 57",
	   "TARS_TIPUS_MEGNEV": "Gazdasági Társaság",
	   "TARS_TIPUS_KOD": 1,
	   "ADOSZAM": "99990003-0-00 ",
	   "GAZD_FORM": "Korlátolt Felelősségű Társaság",
	   "GAZD_FORM_KOD": 8,
	   "CEGALL": "Működő",
	   "CEGALL_KOD": 4,
	   "NEMGAZD_AG_MEGNEV": "Kereskedelem, gépjárműjavítás",
	   "NEMGAZD_AG_KOD": "G",
	   "NEMGAZD_AGAZAT_MEGNEV": "Gépjármű-, motorkerékpár kereskedeleme, javítása",
	   "NEMGAZD_AGAZAT_KOD": 45,
	   "NEMGAZD_SZAKAGAZAT_MEGNEV": "Motorkerékpár, -alkatrész kereskedelme, javítása",
	   "NEMGAZD_SZAKAGAZAT_KOD": 4540,
	   "JEGYZ_TOKE_ERT_HUF": 1486150,
	   "ORSZAG": "Szlovákia",
	   "ORSZAG_KOD": "SK",
	   "REGIO": "Egyéb",
	   "REGIO_KOD": 8,
	   "MEGYE": "Egyéb",
	   "MEGYE_KOD": 21,
	   "TELEPULES": "Kéménd",
	   "TELEPULES_KOD": 3386,
	   "ASZ_EVE": 2017
	 },
	 {
	   "TARS_ROV_NEV": "MAGGO Rt. f.a.",
	   "TARS_HOSZ_NEV": "MAGGO Termelő Részvénytársaság f.a.",
	   "CIM_EGYBEN": "Ismeretlen",
	   "TARS_TIPUS_MEGNEV": "Gazdasági Társaság",
	   "TARS_TIPUS_KOD": 1,
	   "ADOSZAM": "99990004-0-00 ",
	   "GAZD_FORM": "Részvénytársaság",
	   "GAZD_FORM_KOD": 15,
	   "CEGALL": "Felszámolás alatt",
	   "CEGALL_KOD": 1,
	   "NEMGAZD_AG_MEGNEV": "Feldolgozóipar",
	   "NEMGAZD_AG_KOD": "C",
	   "NEMGAZD_AGAZAT_MEGNEV": "Gép, gépi berendezés gyártása",
	   "NEMGAZD_AGAZAT_KOD": 28,
	   "NEMGAZD_SZAKAGAZAT_MEGNEV": "M.n.s. egyéb általános rendeltetésű gép gyártása",
	   "NEMGAZD_SZAKAGAZAT_KOD": 2829,
	   "JEGYZ_TOKE_ERT_HUF": 667299000,
	   "ORSZAG": "Magyarország",
	   "ORSZAG_KOD": "HU",
	   "REGIO": "Közép-Magyarország régió",
	   "REGIO_KOD": 6,
	   "MEGYE": "Budapest",
	   "MEGYE_KOD": 1,
	   "TELEPULES": "Budapest",
	   "TELEPULES_KOD": 60,
	   "ASZ_EVE": 2017
	 }
]