[{"coordinate":{"x":47.25006,"y":18.7483},"TARS_ROV_NEV":"ANNAMAJORI KFT.","CIM_EGYBEN":"2471 Baracska Annamajor 1."},{"coordinate":{"x":47.3208,"y":18.79135},"TARS_ROV_NEV":"AK NYOMDA KFT.","CIM_EGYBEN":"2462 Martonvásár Ady Endre  utca 24."},{"coordinate":{"x":47.15242004394531,"y":18.33618927001953},"TARS_ROV_NEV":"F1 AUTÓMOSÓ KFT.","CIM_EGYBEN":"8143 Sárszentmihály Kossuth utca 32."},{"coordinate":{"x":47.19528,"y":18.59639},"TARS_ROV_NEV":"VVSI NONPROFIT KFT.","CIM_EGYBEN":"2484 Gárdony (Agárd) Tópart utca 17."},{"coordinate":{"x":46.89453,"y":16.95974},"TARS_ROV_NEV":"LATORCAI 2009 S.R.O.","CIM_EGYBEN":"943 57 Kamenín (Kéménd) Kamenín utca 57"},{"coordinate":{"x":46.36146,"y":25.79823},"TARS_ROV_NEV":"SC SZABOLCS-HAR SRL","CIM_EGYBEN":"530130 Miercurea Ciuc (Csíkszereda)\\, Str. Kossuth Lajos u. 21."},{"coordinate":{"x":47.18819,"y":18.411},"TARS_ROV_NEV":"EURÓPAI INFORMÁCIÓS PONT ÉS TURISZTIKAI NKFT.","CIM_EGYBEN":"8000 Székesfehérvár Piac tér 12-14."},{"coordinate":{"x":47.50512,"y":19.06084},"TARS_ROV_NEV":"NEKSZT KFT.","CIM_EGYBEN":"1066 Budapest\\, Mozsár utca 16."},{"coordinate":{"x":46.96056,"y":18.93366},"TARS_ROV_NEV":"UNIVERSITAS SERVICE KÖZHASZNÚ NONPROFIT KFT.","CIM_EGYBEN":"2400 Dunaújváros\\, Táncsics M utca 1/a."},{"coordinate":{"x":47.4658,"y":19.00626},"TARS_ROV_NEV":"HEMISPHERE KOCKÁZATI TŐKEALAP-KEZELŐ ZRT.","CIM_EGYBEN":"1118 Budapest\\, Rétköz utca 5. IV. em."},{"coordinate":{"x":47.51625,"y":19.19723},"TARS_ROV_NEV":"GENERALIMPEX","CIM_EGYBEN":"1113 Budapest\\, Ulászló u.39-4. II. lph. 156. fszt.4."},{"coordinate":{"x":47.21717834472656,"y":18.54313087463379},"TARS_ROV_NEV":"KATONAI EMLÉKPARK KFT.","CIM_EGYBEN":"8095 Pákozd Mészeg hegy  087"},{"coordinate":{"x":47.49399,"y":19.05238},"TARS_ROV_NEV":"TÉKA KÖNYVÉRTÉKESÍTŐ ÉS KÖNYVKIADÓ VÁLLALAT","CIM_EGYBEN":"1134 Budapest\\, Váci út 19."},{"coordinate":{"x":47.50857,"y":19.1618},"TARS_ROV_NEV":"EMG","CIM_EGYBEN":"1163 Budapest\\, Cziráky u.  26-32."},{"coordinate":{"x":47.46034,"y":19.14789},"TARS_ROV_NEV":"BUKLÉ-BRILL BT.","CIM_EGYBEN":"1191 Budapest Szabó Ervin  utca 20."},{"coordinate":{"x":47.5224,"y":19.03711},"TARS_ROV_NEV":"CHOCOCHIP BT.","CIM_EGYBEN":"1023 Budapest Frankel Leó út 55.\\, V.\\\\1.ajtó"},{"coordinate":{"x":47.48536,"y":19.28781},"TARS_ROV_NEV":"SZÁM-MIX BT.","CIM_EGYBEN":"1188 Budapest Zrínyi utca 21./b."},{"coordinate":{"x":46.9281,"y":18.93709},"TARS_ROV_NEV":"BAUMIX KFT.","CIM_EGYBEN":"2400 Dunaújváros Papírgyári út 49."},{"coordinate":{"x":47.52336,"y":19.09603},"TARS_ROV_NEV":"RADIANT ÜZLETVITELI BT.","CIM_EGYBEN":"1142 Budapest Kassai tér 24.\\, I.\\\\3.ajtó"},{"coordinate":{"x":47.59731,"y":19.06151},"TARS_ROV_NEV":"EGA-GROUP BT.","CIM_EGYBEN":"1039 Budapest Juhász Gyula út 8.\\, IX./85.ajtó"},{"coordinate":{"x":47.55802,"y":19.03416},"TARS_ROV_NEV":"ÚJ MÉDIA ÉS TELETEXT KFT.","CIM_EGYBEN":"1037 Budapest\\, Kunigunda útja 64."},{"coordinate":{"x":47.49847,"y":19.0037},"TARS_ROV_NEV":"KATI KFT.","CIM_EGYBEN":"1126 Budapest Kakukk utca 6."},{"coordinate":{"x":46.95025,"y":18.94649},"TARS_ROV_NEV":"ISD DUNAFERR ZRT.","CIM_EGYBEN":"2400 Dunaújváros Vasmű tér 1-3."},{"coordinate":{"x":47.51477,"y":19.00069},"TARS_ROV_NEV":"MULTINOVA KFT.","CIM_EGYBEN":"1125 Budapest\\, Szilágyi Erzsébet fasor 22/b."},{"coordinate":{"x":47.46042,"y":19.23823},"TARS_ROV_NEV":"MULTINOVA NONPROFIT KFT.","CIM_EGYBEN":"1062 Budapest VI\\, Bajza utca 32."},{"coordinate":{"x":47.51833,"y":19.06495},"TARS_ROV_NEV":"EUROEXPERT KFT.","CIM_EGYBEN":"1134 Budapest Lehel utca 11."},{"coordinate":{"x":47.48996,"y":19.0873},"TARS_ROV_NEV":"BETA-COMP KFT.","CIM_EGYBEN":"1086 Budapest VIII\\, Lujza utca 36."},{"coordinate":{"x":47.50358,"y":19.05291},"TARS_ROV_NEV":"KÖZPONTI HUMÁNFEJLESZTÉSI NONPROFIT KFT.","CIM_EGYBEN":"1054 Budapest\\, Hold utca 1."},{"coordinate":{"x":47.41039,"y":19.00927},"TARS_ROV_NEV":"PANNONTECH ÁLTALÁNOS SZOLGÁLTATÓ ÉS FŐVÁLLALKOZÓ KFT.","CIM_EGYBEN":"1223 Budapest Park utca 41."},{"coordinate":{"x":47.50006,"y":19.11691},"TARS_ROV_NEV":"NEMZETI LÓVERSENY KFT.","CIM_EGYBEN":"1101 Budapest\\, Albertirsai út 2-4."},{"coordinate":{"x":47.35036849975586,"y":19.634140014648438},"TARS_ROV_NEV":"REMETEKERT KFT.","CIM_EGYBEN":"2214 Pánd 776/2. hrsz"},{"coordinate":{"x":47.2029,"y":18.41441},"TARS_ROV_NEV":"KÉMÉNY ZRT.","CIM_EGYBEN":"8000 Székesfehérvár Kertalja utca 11."},{"coordinate":{"x":47.5466,"y":19.03873},"TARS_ROV_NEV":"SANIPLANT KFT.","CIM_EGYBEN":"1035 Budapest\\, Raktár utca 19. fszt."},{"coordinate":{"x":47.38207,"y":18.92409},"TARS_ROV_NEV":"BON-AKTIV KFT.","CIM_EGYBEN":"2030 Érd Aba utca 2."},{"coordinate":{"x":47.15529431058074,"y":19.798522458468728},"TARS_ROV_NEV":"ZÖLD ÚT HITEL KFT.","CIM_EGYBEN":"2747 Törtel Kossuth Lajos utca 88."},{"coordinate":{"x":47.49005,"y":18.318},"TARS_ROV_NEV":"OROSZLÁNYI SZAKORVOSI ÉS ÁPOLÁSI INTÉZET","CIM_EGYBEN":"2840 Oroszlány\\, Alkotmány u. 2."},{"coordinate":{"x":47.50662,"y":19.05224},"TARS_ROV_NEV":"AGRÁRGAZDASÁGI KFT.","CIM_EGYBEN":"1054 Budapest\\, Hold u. 25."},{"coordinate":{"x":47.53112,"y":19.0382},"TARS_ROV_NEV":"DONITER TRANS KFT.","CIM_EGYBEN":"1037 Budapest Bokor utca 9-11."},{"coordinate":{"x":47.50979,"y":19.0283},"TARS_ROV_NEV":"NEMZETI ESZKÖZKEZELŐ ZRT.","CIM_EGYBEN":"1024 Budapest II\\, Margit körút 85-87."},{"coordinate":{"x":47.7011,"y":17.66879},"TARS_ROV_NEV":"ÉSZAKDUNÁNTÚLI KÖZMŰ V","CIM_EGYBEN":"9002 Győr Reptéri út 2."},{"coordinate":{"x":47.50343,"y":19.07021},"TARS_ROV_NEV":"FALÁNKOLÓ KFT.","CIM_EGYBEN":"1073 Budapest Dob utca 84.\\, III./12.ajtó"},{"coordinate":{"x":47.50905,"y":19.05866},"TARS_ROV_NEV":"DREAM LINE KFT.","CIM_EGYBEN":"1064 Budapest Podmaniczky utca 27.\\, II.\\\\14.ajtó"},{"coordinate":{"x":47.51026,"y":19.14379},"TARS_ROV_NEV":"READSOFT CONSULTING KFT.","CIM_EGYBEN":"1144 Budapest Csertő park 6."},{"coordinate":{"x":47.46585,"y":18.90085},"TARS_ROV_NEV":"P. M. TRADE KFT.","CIM_EGYBEN":"2040 Budaörs Gyár utca 2.\\\\B1.\\\\119.ajtó"},{"coordinate":{"x":47.45634,"y":18.93639},"TARS_ROV_NEV":"RADIOAKTÍV HULLADÉKOKAT KEZELŐ KFT.","CIM_EGYBEN":"2040 Budaörs Puskás Tivadar utca 11."},{"coordinate":{"x":47.48755,"y":19.05809},"TARS_ROV_NEV":"TIG NONPROFIT KFT.","CIM_EGYBEN":"1053 Budapest V\\, Vámház körút 2."},{"coordinate":{"x":47.487052,"y":19.2593991},"TARS_ROV_NEV":"GÉPSZAK KFT.","CIM_EGYBEN":"1024 Budapest II\\, Kisrókus utca 2."},{"coordinate":{"x":47.5176,"y":19.11608},"TARS_ROV_NEV":"GPS LOGISZTIKA KFT.","CIM_EGYBEN":"1141 Budapest Szugló utca 82."},{"coordinate":{"x":47.18585,"y":18.411},"TARS_ROV_NEV":"VADEX MEZŐFÖLDI ZRT.","CIM_EGYBEN":"8000 Székesfehérvár Tolnai u. 1."},{"coordinate":{"x":47.67374,"y":19.07843},"TARS_ROV_NEV":"MANK NONPROFIT KFT.","CIM_EGYBEN":"2000 Szentendre Bogdányi utca 51."},{"coordinate":{"x":47.50232,"y":19.06153},"TARS_ROV_NEV":"ROBERT CAPA NONPROFIT KFT.","CIM_EGYBEN":"1065 Budapest\\, Nagymező u. 8."},{"coordinate":{"x":47.52178,"y":18.93409},"TARS_ROV_NEV":"KLINKOORD KFT.","CIM_EGYBEN":"1121 Budapest\\, Szanatórium utca 19."},{"coordinate":{"x":47.68037,"y":17.6448},"TARS_ROV_NEV":"NYUGAT-DUNÁNTÚLI GARANCIA SZÖVETKEZET","CIM_EGYBEN":"9023 Győr\\, Tihanyi Árpád u. 23."},{"coordinate":{"x":47.5607144,"y":19.0527401},"TARS_ROV_NEV":"MAGYAR GÁZ TRANZIT ZRT.","CIM_EGYBEN":"1031 Budapest\\, Záhony u. 7 B ép. 2 em"},{"coordinate":{"x":47.6428,"y":19.13813},"TARS_ROV_NEV":"2COLORS KFT.","CIM_EGYBEN":"2120 Dunakeszi Tábor utca 17."},{"coordinate":{"x":47.68524,"y":17.63069},"TARS_ROV_NEV":"VASÚTBIZTONSÁGI TRAFFIC KFT.","CIM_EGYBEN":"9021 Győr Zechmeister utca 9."},{"coordinate":{"x":47.49568,"y":19.0698},"TARS_ROV_NEV":"KÖZLÖNYKIADÓ KFT.","CIM_EGYBEN":"1085 Budapest Somogyi Béla utca 6."},{"coordinate":{"x":47.50058,"y":19.04746},"TARS_ROV_NEV":"FORTE KOCKÁZATI TŐKEALAP","CIM_EGYBEN":"1051 Budapest\\, Széchenyi István tér  7-8."},{"coordinate":{"x":47.40685,"y":19.25734},"TARS_ROV_NEV":"EURO-BUS START KFT.","CIM_EGYBEN":"2220 Vecsés Dózsa György  út 1."},{"coordinate":{"x":47.43987,"y":19.17357},"TARS_ROV_NEV":"SIGMA CONTO TRADE KFT.","CIM_EGYBEN":"1086 Budapest Dobozi utca 3.\\, II.\\\\26.ajtó"},{"coordinate":{"x":46.51131,"y":19.76275},"TARS_ROV_NEV":"JONATHERMÁL ZRT.","CIM_EGYBEN":"6120 Kiskunmajsa\\, Kőkút 26."},{"coordinate":{"x":47.4902,"y":19.02414},"TARS_ROV_NEV":"BONITÁS BEFEKTETÉSI ALAPKEZELŐ ZRT.","CIM_EGYBEN":"1123 Budapest\\, Alkotás u. 53.  B.ép. V.em"},{"coordinate":{"x":47.51213,"y":19.02777},"TARS_ROV_NEV":"ÉLELMISZERLÁNCBIZTONSÁGI CENTRUM NONPROFIT KFT.","CIM_EGYBEN":"1024 Budapest\\, Keleti Károly utca 24."},{"coordinate":{"x":46.17992,"y":18.95186},"TARS_ROV_NEV":"GEMENC ZRT.","CIM_EGYBEN":"6500 Baja\\, Szent Imre tér 2."},{"coordinate":{"x":47.73516,"y":19.14012},"TARS_ROV_NEV":"ER-ZO COMP KFT.","CIM_EGYBEN":"2133 Sződliget Rezeda utca 11."},{"coordinate":{"x":47.50718,"y":19.05025},"TARS_ROV_NEV":"EX-SELL NONPROFIT KFT.","CIM_EGYBEN":"1054 Budapest Alkotmány utca  9-11."},{"coordinate":{"x":46.68711,"y":19.68278},"TARS_ROV_NEV":"BUGACI KISVASÚT KHT.","CIM_EGYBEN":"6114 Bugac\\, Béke utca 10."},{"coordinate":{"x":47.48779,"y":19.07009},"TARS_ROV_NEV":"ZITE-TRADE KFT.","CIM_EGYBEN":"1085 Budapest József körút 69."},{"coordinate":{"x":47.87755,"y":17.27731},"TARS_ROV_NEV":"MTKI KFT.","CIM_EGYBEN":"9200 Mosonmagyaróvár Lucsony utca 24."},{"coordinate":{"x":46.96451187133789,"y":18.939659118652344},"TARS_ROV_NEV":"PÁLHALMAI AGROSPECIÁL KFT.","CIM_EGYBEN":"2407 Dunaújváros Pálhalma 1 078/36.hrsz."},{"coordinate":{"x":47.5155321,"y":19.0549017},"TARS_ROV_NEV":"POSTAMESTER GOLD CENTRAL KFT.","CIM_EGYBEN":"1136 Budapest Hegedűs Gyula utca 29./A.\\, fszt./1.ajtó"},{"coordinate":{"x":46.68225,"y":21.09995},"TARS_ROV_NEV":"MNV PROJEKT KOORDINÁCIÓS KFT.","CIM_EGYBEN":"5600 Békéscsaba Derkovits sor 2."},{"coordinate":{"x":47.51545,"y":19.05492},"TARS_ROV_NEV":"POSTMASTER LOGISTICS KFT.","CIM_EGYBEN":"1136 Budapest Hegedűs Gyula utca 29.\\\\A.\\, fszt.\\\\1.ajtó"},{"coordinate":{"x":47.34976,"y":19.42664},"TARS_ROV_NEV":"LSZI-PROJEKT KFT.","CIM_EGYBEN":"2200 Monor Táncsics Mihály utca 20."},{"coordinate":{"x":47.49194,"y":19.07135},"TARS_ROV_NEV":"ŐSZI KIKERICS KFT.","CIM_EGYBEN":"1085 Budapest József  körút 36.\\, fszt..\\\\5.ajtó"},{"coordinate":{"x":46.75254057832385,"y":18.551512862743152},"TARS_ROV_NEV":"GYULAI VÁRFÜRDŐ KFT.","CIM_EGYBEN":"5700 Gyula\\, Várkert utca 2."},{"coordinate":{"x":47.48016,"y":19.10182},"TARS_ROV_NEV":"NVP ZRT.","CIM_EGYBEN":"1087 Budapest Könyves Kálmán  körút 54-60."},{"coordinate":{"x":47.5053,"y":19.038},"TARS_ROV_NEV":"NEMZETI FEJLESZTÉSI ÉS STRATÉGIAI INTÉZET KFT.","CIM_EGYBEN":"1011 Budapest\\, Fő u. 44-50."},{"coordinate":{"x":53.57648,"y":9.88791},"TARS_ROV_NEV":"EUROPEAN XFEL GMBH.","CIM_EGYBEN":"22761 Hamburg\\, Albert-Einstein-Ring 19"},{"coordinate":{"x":47.59271,"y":19.36152},"TARS_ROV_NEV":"ZANIOTECH KFT.","CIM_EGYBEN":"2100 Gödöllő\\, Páter Károly utca 1."},{"coordinate":{"x":47.47098,"y":19.17809},"TARS_ROV_NEV":"BUFA KFT.","CIM_EGYBEN":"1108 Budapest Kozma utca 13."},{"coordinate":{"x":47.65838,"y":19.26638},"TARS_ROV_NEV":"PARI PASSU KFT.","CIM_EGYBEN":"2112 Veresegyház Lehár Ferenc útja 1\\\\A.\\, II.\\\\10/a.ajtó"},{"coordinate":{"x":47.4724,"y":19.22479},"TARS_ROV_NEV":"NFSI NONPROFIT KFT.","CIM_EGYBEN":"1027 Budapest\\, Horváth u. 14-24."},{"coordinate":{"x":46.68221,"y":21.10407},"TARS_ROV_NEV":"CSABAI FOGLALKOZÁSEGÉSZSÉGÜGYI KFT.","CIM_EGYBEN":"5600 Békéscsaba\\, Gyulai út 18."},{"coordinate":{"x":47.59293,"y":18.91483},"TARS_ROV_NEV":"FEHÉR-HAUS KFT.","CIM_EGYBEN":"2083 Solymár Mészégető utca 7085."},{"coordinate":{"x":47.72514,"y":16.62259},"TARS_ROV_NEV":"SOPRONKŐHIDAI KFT.","CIM_EGYBEN":"9407 Sopron (Sopronkőhida) Pesti Barnabás út 25."},{"coordinate":{"x":47.3681,"y":18.88203},"TARS_ROV_NEV":"EUROPA FLOTTAKEZELŐ HOLDING KFT.","CIM_EGYBEN":"2461 Tárnok Fehérvári út 5."},{"coordinate":{"x":47.5096,"y":19.06644},"TARS_ROV_NEV":"BV. HOLDING KFT.","CIM_EGYBEN":"1064 Budapest Rózsa utca 75-79."},{"coordinate":{"x":47.787,"y":19.13317},"TARS_ROV_NEV":"NASZÁLY-GALGA NONPROFIT KFT.","CIM_EGYBEN":"2600 Vác Naszály út 31."},{"coordinate":{"x":47.41205,"y":18.99909},"TARS_ROV_NEV":"HUNGAROFEST NONPROFIT KFT.","CIM_EGYBEN":"1024 Budapest Kisrókus utca 16-20."},{"coordinate":{"x":47.39179,"y":18.9825},"TARS_ROV_NEV":"MAGYAR KERTÉSZETI SZAPORÍTÓANYAG NONPROFIT KFT.","CIM_EGYBEN":"1225 Budapest Nagytétényi út 306."},{"coordinate":{"x":47.47785,"y":19.0699},"TARS_ROV_NEV":"MNKH ZRT.","CIM_EGYBEN":"1095 Budapest\\, Ipar u. 5."},{"coordinate":{"x":47.39007,"y":18.89577},"TARS_ROV_NEV":"AUTÓS POPEJ KFT.","CIM_EGYBEN":"2030 Érd Mátyás király utca 81."},{"coordinate":{"x":47.69503,"y":17.6806},"TARS_ROV_NEV":"RÁBA NYRT.","CIM_EGYBEN":"9027 Győr Martin út 1."},{"coordinate":{"x":47.619110107421875,"y":17.801319122314453},"TARS_ROV_NEV":"GYŐR-PÉR REPÜLŐTÉR KFT.","CIM_EGYBEN":"9099 Pér Repülőtér"},{"coordinate":{"x":47.50786,"y":19.03595},"TARS_ROV_NEV":"NEMZETI ESZKÖZGAZDÁLKODÁSI ZRT.","CIM_EGYBEN":"1027 Budapest Csalogány utca 9-11."},{"coordinate":{"x":47.39757,"y":19.09048},"TARS_ROV_NEV":"BIO-SÓFÜRDŐ KFT.","CIM_EGYBEN":"1213 Budapest Szentmiklósi út 171."},{"coordinate":{"x":47.50769,"y":19.05163},"TARS_ROV_NEV":"KÁRPÁT-MEDENCEI TEHETSÉGGONDOZÓ NONPROFIT KFT.","CIM_EGYBEN":"1054 Budapest Alkotmány utca 12.\\, III./21.ajtó"},{"coordinate":{"x":47.34838,"y":19.04517},"TARS_ROV_NEV":"BÁNKERTI JÉCSAI TEAM KFT.","CIM_EGYBEN":"2310 Szigetszentmiklós Kossuth Lajos  utca 1."},{"coordinate":{"x":47.4679,"y":19.15694},"TARS_ROV_NEV":"MIKROBÁN KFT.","CIM_EGYBEN":"1108 Budapest Gergely utca 116.\\, II./34.ajtó"},{"coordinate":{"x":46.45298,"y":20.90972},"TARS_ROV_NEV":"BÁNHEGYES-AGRO KFT.","CIM_EGYBEN":"5668 Nagybánhegyes Medgyesi út 21."},{"coordinate":{"x":47.93507,"y":18.82386},"TARS_ROV_NEV":"HORVÁTH HUSI KER KFT.","CIM_EGYBEN":"2634 Nagybörzsöny Petőfi út 14."},{"coordinate":{"x":47.68016,"y":19.06422},"TARS_ROV_NEV":"SKANZENÉRT KÖZHASZNÚ NONPROFIT KFT.","CIM_EGYBEN":"2000 Szentendre Sztaravodai út 6896 hrsz."},{"coordinate":{"x":47.5043,"y":19.06661},"TARS_ROV_NEV":"PÉKES PALOTA KFT.","CIM_EGYBEN":"1174 Budapest Eötvös  utca 1."},{"coordinate":{"x":47.28596878051758,"y":19.54722023010254},"TARS_ROV_NEV":"SZAXON INVEST KFT.","CIM_EGYBEN":"2721 Pilis\\, Ország út 6037/3"},{"coordinate":{"x":47.78864,"y":18.9598},"TARS_ROV_NEV":"MOSONPATAK ERDŐBIRTOKOSSÁGI TÁRSULAT","CIM_EGYBEN":"2626 Nagymaros Váci út 11."},{"coordinate":{"x":47.66756,"y":17.64213},"TARS_ROV_NEV":"FOODCOMPLEX KFT.","CIM_EGYBEN":"9024 Győr\\, Lajta u. 3. 8. em. 3."},{"coordinate":{"x":47.55371,"y":19.09483},"TARS_ROV_NEV":"DUNABAU 43.","CIM_EGYBEN":"1045 Budapest IV\\, Chinoin utca 20."},{"coordinate":{"x":47.508,"y":19.03255},"TARS_ROV_NEV":"NEG ZRT.","CIM_EGYBEN":"1027 Budapest\\, Kapás utca 6-12."},{"coordinate":{"x":46.880737,"y":17.949303},"TARS_ROV_NEV":"GYŐRI ÉS TÁRSA BT.","CIM_EGYBEN":"8621 Zamárdi Siófoki út 18."},{"coordinate":{"x":47.4828,"y":19.2058},"TARS_ROV_NEV":"HORNYÁK FÉMTERMÉK KFT.","CIM_EGYBEN":"1106 Budapest Köszméte utca 34."},{"coordinate":{"x":47.49972152709961,"y":19.05508041381836},"TARS_ROV_NEV":"MAHART PASSNAVE SZEMÉLYHAJÓZÁSI KFT.","CIM_EGYBEN":"1056 Budapest\\, Belgrád rakpart Nemzetközi Hajóállomás"},{"coordinate":{"x":47.68513,"y":16.5752},"TARS_ROV_NEV":"UNIVERSITAS FIDELISSIMA KFT.","CIM_EGYBEN":"9400 Sopron\\, Baross u. 4-6."},{"coordinate":{"x":47.49807,"y":19.06555},"TARS_ROV_NEV":"ÚJ VILÁG NONPROFIT SZOLGÁLTATÓ KFT.","CIM_EGYBEN":"1077 Budapest Kéthly Anna tér 1."},{"coordinate":{"x":47.68381881713867,"y":17.635669708251953},"TARS_ROV_NEV":"GYŐR-GÖNYÜ KIKÖTŐ ZRT.","CIM_EGYBEN":"9011 Győr (Győrszentiván) Kikötő 1. hrsz. 0691"},{"coordinate":{"x":47.4461,"y":19.14569},"TARS_ROV_NEV":"HYPOTEX KFT.","CIM_EGYBEN":"1195 Budapest Jáhn Ferenc  utca 11.\\\\6.\\, I.\\\\1.ajtó"},{"coordinate":{"x":46.28674,"y":21.02114},"TARS_ROV_NEV":"BATTONYAI BIO KFT.","CIM_EGYBEN":"5830 Battonya Petőfi tér 2."},{"coordinate":{"x":46.8898,"y":18.06012},"TARS_ROV_NEV":"MED-I-TERRA KFT.","CIM_EGYBEN":"8600 Siófok Attila utca 71."},{"coordinate":{"x":47.50438,"y":19.02217},"TARS_ROV_NEV":"EDUCATIO TÁRSADALMI SZOLGÁLTATÓ NONPROFIT KFT.","CIM_EGYBEN":"1122 Budapest Maros utca 19-21."},{"coordinate":{"x":47.51192,"y":19.03478},"TARS_ROV_NEV":"D\u0026B PARTNER KFT.","CIM_EGYBEN":"1027 Budapest Bem József utca 9."},{"coordinate":{"x":47.67957,"y":16.57757},"TARS_ROV_NEV":"NYUGAT-MAGYARORSZÁGI EGYETEM KOOPERÁCIÓS KUTATÁSI KÖZPONT NONPROFIT KFT.","CIM_EGYBEN":"9400 Sopron\\, Bajcsy-Zsilinszky u. 4."},{"coordinate":{"x":47.45981,"y":19.14569},"TARS_ROV_NEV":"AGRÁRMARKETING CENTRUM NONPROFIT KFT.","CIM_EGYBEN":"1055 Budapest\\, Kossuth tér 11."},{"coordinate":{"x":46.35446,"y":17.78099},"TARS_ROV_NEV":"TAMOL 2000 KFT.","CIM_EGYBEN":"7400 Kaposvár\\, Cseri út 2."},{"coordinate":{"x":47.46647,"y":19.04401},"TARS_ROV_NEV":"HSSC KFT.","CIM_EGYBEN":"1117 Budapest Fehérvári út 70."},{"coordinate":{"x":47.4750697,"y":19.0991981},"TARS_ROV_NEV":"VOLÁN BUSZPARK KFT.","CIM_EGYBEN":"1091 Budapest Üllői út 131."},{"coordinate":{"x":47.47443,"y":19.24988},"TARS_ROV_NEV":"NKM NEMZETI KÖZMŰVEK ZRT.","CIM_EGYBEN":"1023 Budapest\\, Árpád fejedelem út 26-28"},{"coordinate":{"x":47.63144,"y":19.05078},"TARS_ROV_NEV":"GÁLFI BÉLA NONPROFIT KFT.","CIM_EGYBEN":"2011 Budakalász Martinovics utca 13."},{"coordinate":{"x":47.68989,"y":17.64081},"TARS_ROV_NEV":"EPONA-ARRABONA SPANYOL LOVASISKOLA KFT.","CIM_EGYBEN":"9022 Győr\\, Liszt Ferenc u. 42."},{"coordinate":{"x":46.23214,"y":17.36132},"TARS_ROV_NEV":"NAGYATÁDI KÓRHÁZ\\, NAGYATÁD","CIM_EGYBEN":"7500 Nagyatád\\, Bajcsy-Zs. u. 1."},{"coordinate":{"x":47.03038,"y":21.17113},"TARS_ROV_NEV":"SÁRRÉT METÁL KFT.","CIM_EGYBEN":"5520 Szeghalom\\, Kinizsi utca 76."},{"coordinate":{"x":47.51313,"y":19.07149},"TARS_ROV_NEV":"SZOCIÁLIS ESÉLY NONPROFIT KFT.","CIM_EGYBEN":"1063 Budapest Kmety György utca 31."},{"coordinate":{"x":46.36037,"y":17.80373},"TARS_ROV_NEV":"KAPOSVÁR-TISZK KIEMELKEDŐEN KÖZHASZNÚ NONPROFIT KFT.","CIM_EGYBEN":"7400 Kaposvár\\, Virág u. 32."},{"coordinate":{"x":47.51419,"y":19.03323},"TARS_ROV_NEV":"NIPÜF ZRT.","CIM_EGYBEN":"1021 Budapest Rómer Flóris utca 8."},{"coordinate":{"x":47.38755,"y":18.9017},"TARS_ROV_NEV":"GERINCSTÚDIÓ KFT.","CIM_EGYBEN":"2030 Érd Szent István  utca 56."},{"coordinate":{"x":47.50197,"y":19.03323},"TARS_ROV_NEV":"NGM-TÉR6 KFT.","CIM_EGYBEN":"1014 Budapest\\, Szentháromság tér 6."},{"coordinate":{"x":46.37082,"y":18.36852},"TARS_ROV_NEV":"VACSI-VILL KFT.","CIM_EGYBEN":"8693 Lengyeltóti Petőfi utca 70."},{"coordinate":{"x":47.60006,"y":19.05298},"TARS_ROV_NEV":"KERESZTES \u0026 JENEY KFT.","CIM_EGYBEN":"1039 Budapest Lukács György utca 2.\\, VII.\\\\68.ajtó"},{"coordinate":{"x":47.49826,"y":19.0376},"TARS_ROV_NEV":"NEMZETI TÁNCSZÍNHÁZ NONPROFIT KFT.","CIM_EGYBEN":"1014 Budapest I\\, Színház utca 1-3."},{"coordinate":{"x":47.68974,"y":16.58686},"TARS_ROV_NEV":"SOPRONTISZK NONPROFIT KIEMELKEDŐEN KÖZHASZNÚ KFT.","CIM_EGYBEN":"9400 Sopron\\, Ferenczy János u. 60-1."},{"coordinate":{"x":47.67832,"y":16.57673},"TARS_ROV_NEV":"TAEG ZRT.","CIM_EGYBEN":"9400 Sopron\\, Honvéd u. 1."},{"coordinate":{"x":46.86395,"y":20.54168},"TARS_ROV_NEV":"SZENT ISTVÁN EGYETEM NONPROFIT KFT.","CIM_EGYBEN":"5540 Szarvas\\, Szabadság út 1-3."},{"coordinate":{"x":47.45743,"y":19.09193},"TARS_ROV_NEV":"CF PHARMA KFT.","CIM_EGYBEN":"1097 Budapest Kén utca 5."},{"coordinate":{"x":47.49801,"y":19.04972},"TARS_ROV_NEV":"AUTÓIPARI PRÓBAPÁLYA ZALA KFT.","CIM_EGYBEN":"1051 Budapest\\, József nádor tér 2-4"},{"coordinate":{"x":47.53136,"y":19.07041},"TARS_ROV_NEV":"NFP NONPROFIT KFT.","CIM_EGYBEN":"1139 Budapest\\, Pap Károly u. 4-"},{"coordinate":{"x":47.68535,"y":17.63595},"TARS_ROV_NEV":"BARTÓK BÉLA NONPROFIT KFT.","CIM_EGYBEN":"9022 Győr Czuczor Gergely utca 17."},{"coordinate":{"x":46.2452,"y":20.14478},"TARS_ROV_NEV":"DÉL-ALFÖLDI ZRT.","CIM_EGYBEN":"6722 Szeged Boldogasszony sugárút 21."},{"coordinate":{"x":47.54062,"y":19.14652},"TARS_ROV_NEV":"ÉPVILKER-97 KFT.","CIM_EGYBEN":"1157 Budapest Erdőkerülő utca 10.\\, IV.\\\\18.ajtó"},{"coordinate":{"x":47.63512,"y":19.19374},"TARS_ROV_NEV":"BONASEC KFT.","CIM_EGYBEN":"2151 Fót Kilátó utca 31."},{"coordinate":{"x":46.35564,"y":17.8198},"TARS_ROV_NEV":"TÖRÖK-VÍZ KFT.","CIM_EGYBEN":"7400 Kaposvár Pécsi utca 22\\\\B."},{"coordinate":{"x":47.49571,"y":19.01382},"TARS_ROV_NEV":"BUX-PLUSSZ KFT.","CIM_EGYBEN":"1126 Budapest XII\\, Szolyva utca 11. 2. em. 3."},{"coordinate":{"x":47.4697599,"y":19.08348},"TARS_ROV_NEV":"DPMTISZK NONPROFIT KFT.","CIM_EGYBEN":"1095 Budapest Könyves Kálmán körút 12-14."},{"coordinate":{"x":47.60107,"y":19.04703},"TARS_ROV_NEV":"ERITRI KFT.","CIM_EGYBEN":"1038 Budapest\\, Ezüsthegy u. 42."},{"coordinate":{"x":47.62429,"y":16.86469},"TARS_ROV_NEV":"FERTŐDI KUTATÓ KÖZHASZNÚ NONPROFIT KFT.","CIM_EGYBEN":"9435 Sarród\\, Kossuth Lajos utca 57."},{"coordinate":{"x":46.56632,"y":20.59244},"TARS_ROV_NEV":"SÜLI ÉS TÁRSA ÉP-KER KFT.","CIM_EGYBEN":"5900 Orosháza Szentesi út 268."},{"coordinate":{"x":47.50932,"y":19.03824},"TARS_ROV_NEV":"GER-BAU KFT.","CIM_EGYBEN":"1151 Budapest Fő utca 72."},{"coordinate":{"x":46.355281829833984,"y":17.785259246826172},"TARS_ROV_NEV":"SM.SOMBER KFT.","CIM_EGYBEN":"7400 Kaposvár Nagy Imre tér 1."},{"coordinate":{"x":47.47923,"y":19.24093},"TARS_ROV_NEV":"BUDAI KFT.","CIM_EGYBEN":"1173 Budapest Újlak utca 70.\\, II.\\\\7.ajtó"},{"coordinate":{"x":47.6586,"y":19.07637},"TARS_ROV_NEV":"PÉTER ÉS GERGELY KFT.","CIM_EGYBEN":"2000 Szentendre Pannónia utca 20."},{"coordinate":{"x":47.4624,"y":19.23876},"TARS_ROV_NEV":"TÁRSADALMI INFRASTRUKTÚRA FEJLESZTŐ NONPROFIT KFT.","CIM_EGYBEN":"1085 Budapest Baross utca 52."},{"coordinate":{"x":47.49556,"y":19.06612},"TARS_ROV_NEV":"RMR KFT.","CIM_EGYBEN":"1088 Budapest Rákóczi utca 27\\\\A.\\, IV.\\\\1.ajtó"},{"coordinate":{"x":47.42078,"y":19.01789},"TARS_ROV_NEV":"REAL PLUSZ KFT.","CIM_EGYBEN":"1222 Budapest Máramarosi utca 7."},{"coordinate":{"x":47.49367,"y":19.04312},"TARS_ROV_NEV":"BUDAVÁRI INGATLANFEJLESZTŐ ÉS ÜZEMELTETŐ NONPROFIT KFT.","CIM_EGYBEN":"1013 Budapest\\, Ybl Miklós tér 6."},{"coordinate":{"x":47.55182,"y":19.13232},"TARS_ROV_NEV":"MILLENÁRIS SZÉLLKAPU NONPROFIT KFT.","CIM_EGYBEN":"1024 Budapest II\\, Kis Rókus utca 16-20."},{"coordinate":{"x":47.40523,"y":19.00013},"TARS_ROV_NEV":"SZÉPMŰVÉSZETI KHT.","CIM_EGYBEN":"1146 Budapest Dózsa György út 41."},{"coordinate":{"x":46.38427,"y":17.82554},"TARS_ROV_NEV":"PET MEDICOPUS KFT.","CIM_EGYBEN":"7400 Kaposvár\\, Guba Sándor utca 40."},{"coordinate":{"x":47.67586,"y":16.59447},"TARS_ROV_NEV":"SR ZRT.","CIM_EGYBEN":"9400 Sopron Hőközpont utca 1."},{"coordinate":{"x":46.68374,"y":21.05979},"TARS_ROV_NEV":"KÖRÖS VOLÁN ZRT.","CIM_EGYBEN":"5600 Békéscsaba\\, Szarvasi út 103."},{"coordinate":{"x":47.60037,"y":19.05312},"TARS_ROV_NEV":"WHITE AND PARTNERS CONSULTING KFT.","CIM_EGYBEN":"1023 Budapest Lukács utca 3.\\, 3./13.ajtó"},{"coordinate":{"x":47.68256,"y":17.64136},"TARS_ROV_NEV":"KAEG ZRT.","CIM_EGYBEN":"9023 Győr\\, Corvin u 9"},{"coordinate":{"x":47.4273,"y":19.12996},"TARS_ROV_NEV":"PLAN-BRIDGE KFT.","CIM_EGYBEN":"1204 Budapest Ábrahám G. utca 132."},{"coordinate":{"x":46.26689,"y":17.45594},"TARS_ROV_NEV":"STANDARD\u002794 KFT.","CIM_EGYBEN":"7545 Nagykorpád Petőfi utca 34."},{"coordinate":{"x":47.53237,"y":19.02987},"TARS_ROV_NEV":"EXVÁ KFT.","CIM_EGYBEN":"1037 Budapest III\\, Mikoviny Sámuel utca 2-4."},{"coordinate":{"x":47.4696808,"y":19.0707943},"TARS_ROV_NEV":"MAGYAR NEMZETI FILHARMONIKUS NONPROFIT KFT.","CIM_EGYBEN":"1095 Budapest IX\\, Komor Marcell utca 1."},{"coordinate":{"x":47.51680432162103,"y":19.05057768107063},"TARS_ROV_NEV":"AUTÓBUSZ-INVEST KFT.","CIM_EGYBEN":"1137 Budapest\\, Pozsonyi út 33/A. V.5."},{"coordinate":{"x":47.5592818,"y":19.0247688},"TARS_ROV_NEV":"SHOWTECHNIC HUNGARY KFT.","CIM_EGYBEN":"1037 Budapest III\\, Bécsi út 244."},{"coordinate":{"x":46.70363,"y":17.37309},"TARS_ROV_NEV":"ARANYHÍD-COOP ZRT.","CIM_EGYBEN":"8647 Balatonmáriafürdő\\, Keszeg utca 16."},{"coordinate":{"x":47.37985,"y":19.20366},"TARS_ROV_NEV":"LOMBARDIA-RUHA 2010 KFT.","CIM_EGYBEN":"2360 Gyál Báthori utca 57."},{"coordinate":{"x":46.31763,"y":20.81786},"TARS_ROV_NEV":"MEZŐHEGYESI MÉNESBIRTOK ZRT.","CIM_EGYBEN":"5820 Mezőhegyes\\, Kozma Ferenc u. 30."},{"coordinate":{"x":47.49724,"y":19.06286},"TARS_ROV_NEV":"SHUAN CHEN KFT.","CIM_EGYBEN":"1077 Budapest\\, Wesselényi utca 13."},{"coordinate":{"x":47.69031,"y":17.66156},"TARS_ROV_NEV":"KISALFÖLD VOLÁN ZRT.","CIM_EGYBEN":"9027 Győr\\, Ipar u.99."},{"coordinate":{"x":47.47017,"y":19.00033},"TARS_ROV_NEV":"DANCSÓ ÉS TÁRSA KFT.","CIM_EGYBEN":"1118 Budapest Törökugrató utca 20.\\, IV./15.ajtó"},{"coordinate":{"x":47.60308,"y":19.06892},"TARS_ROV_NEV":"OPTICENTER KFT.","CIM_EGYBEN":"1039 Budapest\\, Királyok útja 299. 4. ép.B. lház"},{"coordinate":{"x":47.52025,"y":21.63376},"TARS_ROV_NEV":"HAJDÚGÉP VÁLLALAT","CIM_EGYBEN":"4030 Debrecen\\, Híd u. 4-6."},{"coordinate":{"x":47.81327,"y":21.70152},"TARS_ROV_NEV":"UJFEHÉRTÓI TEXTILGYÁR","CIM_EGYBEN":"4244 Újfehértó\\, Nyiregyházi út 10"},{"coordinate":{"x":47.947261810302734,"y":20.991390228271484},"TARS_ROV_NEV":"DÓZSA GYÖRGY MG.TSZ.","CIM_EGYBEN":"3599 Sajószöged\\, 034 hrsz."},{"coordinate":{"x":47.4776,"y":19.07898},"TARS_ROV_NEV":"EREK KHT.","CIM_EGYBEN":"1094 Budapest IX\\, Márton utca 8/a."},{"coordinate":{"x":47.51313,"y":19.06753},"TARS_ROV_NEV":"INFO-FLASH KFT.","CIM_EGYBEN":"1062 Budapest Székely Bertalan utca 20. III.37."},{"coordinate":{"x":48.37277,"y":20.62262},"TARS_ROV_NEV":"RUDA TABAK BT.","CIM_EGYBEN":"3733 Rudabánya Petőfi Sándor utca 11."},{"coordinate":{"x":47.52398,"y":19.0598},"TARS_ROV_NEV":"IDSS KFT.","CIM_EGYBEN":"1133 Budapest XIII\\, Hegedűs Gyula utca 97.\\\\C.\\, VII.\\\\4.ajtó"},{"coordinate":{"x":47.22008,"y":21.53676},"TARS_ROV_NEV":"DÓZSA MGTSZ. BERETTYÓÚJFALU","CIM_EGYBEN":"4100 Berettyóújfalu Dózsa György utca 20."},{"coordinate":{"x":48.10158,"y":20.68405},"TARS_ROV_NEV":"KAISER KFT.","CIM_EGYBEN":"3535 Miskolc\\, Puskás Tivadar utca 9/A."},{"coordinate":{"x":47.50269,"y":19.04867},"TARS_ROV_NEV":"XTERRUM IMMOBILIA KFT.","CIM_EGYBEN":"1051 Budapest\\, Budapest\\, Nádor u. 22."},{"coordinate":{"x":47.95073,"y":21.72754},"TARS_ROV_NEV":"SZABOLCS-SZATMÁR-BEREG MEGYEI KÓRHÁZAK ÉS EGYETEMI OKTATÓKÓRHÁZ","CIM_EGYBEN":"4400 Nyíregyháza\\, Szt.István út 68."},{"coordinate":{"x":47.42283,"y":19.07734},"TARS_ROV_NEV":"HANDULA KFT.","CIM_EGYBEN":"1174 Budapest Széchenyi utca 48."},{"coordinate":{"x":47.67902,"y":16.58818},"TARS_ROV_NEV":"GYSEV ZRT.","CIM_EGYBEN":"9400 Sopron\\, Mátyás Király u. 19."},{"coordinate":{"x":47.40998,"y":19.00939},"TARS_ROV_NEV":"ÉRDI GYDKF KHT.","CIM_EGYBEN":"1223 Budapest XXII\\, Park utca 2."},{"coordinate":{"x":47.54365,"y":19.07712},"TARS_ROV_NEV":"AGÓRA 21. KFT.","CIM_EGYBEN":"1139 Budapest Máglya köz 6.\\, III.\\\\1.ajtó"},{"coordinate":{"x":47.96493,"y":21.98485},"TARS_ROV_NEV":"JU-DÓ KFT.","CIM_EGYBEN":"4555 Levelek Hősök tere 2."},{"coordinate":{"x":47.43759,"y":19.09905},"TARS_ROV_NEV":"KÉPCSARNOK KFT.","CIM_EGYBEN":"1203 Budapest Bíró Mihály  utca 3."},{"coordinate":{"x":47.25674,"y":19.07606},"TARS_ROV_NEV":"ZR-BAU KFT.","CIM_EGYBEN":"2337 Délegyháza\\, Bányász sor 15."},{"coordinate":{"x":48.01548,"y":21.64431},"TARS_ROV_NEV":"KOVÁCSOK KFT.","CIM_EGYBEN":"4461 Nyírtelek\\, Rákóczi utca 30."},{"coordinate":{"x":47.47664,"y":19.07924},"TARS_ROV_NEV":"CÁPA 2000 KFT.","CIM_EGYBEN":"1096 Budapest Haller utca 52. III. em. 53."},{"coordinate":{"x":47.5182,"y":19.10539},"TARS_ROV_NEV":"HUNNIA FILMSTÚDIÓ KFT.","CIM_EGYBEN":"1145 Budapest Róna utca 174."},{"coordinate":{"x":47.53073,"y":21.67311},"TARS_ROV_NEV":"ÉKKO KFT.","CIM_EGYBEN":"4034 Debrecen Vámospércsi út 84."},{"coordinate":{"x":47.95411,"y":21.71567},"TARS_ROV_NEV":"REALINVEST TEAM KFT.","CIM_EGYBEN":"4400 Nyíregyháza\\, Országzászló tér 7. 3. em. 34."},{"coordinate":{"x":48.22329,"y":20.30581},"TARS_ROV_NEV":"B\u0026B JAGER KFT.","CIM_EGYBEN":"3600 Ózd Honvéd utca 32."},{"coordinate":{"x":47.50212,"y":19.04726},"TARS_ROV_NEV":"HUNGAROTRANSPLANT KHT.","CIM_EGYBEN":"1051 Budapest V\\, Arany János utca 6-8."},{"coordinate":{"x":47.20065,"y":19.99516},"TARS_ROV_NEV":"C\u0027 KTM 3 KFT.","CIM_EGYBEN":"2740 Abony Szelei utca 100."},{"coordinate":{"x":46.54927019203944,"y":21.183389672055323},"TARS_ROV_NEV":"MÁRTON KFT.","CIM_EGYBEN":"4471 Gávavencsellő (Gáva) Toldi  utca 83."},{"coordinate":{"x":47.46651,"y":19.04853},"TARS_ROV_NEV":"ÚJBUDA KOSÁRLABDA KFT.","CIM_EGYBEN":"1119 Budapest\\, Hauszmann Alajos u. 25."},{"coordinate":{"x":48.4072486,"y":21.652778},"TARS_ROV_NEV":"ÁBRÁND-ÁGYNEMŰ KFT.","CIM_EGYBEN":"3980 Sátoraljaújhely\\, Kazinczy u. 35."},{"coordinate":{"x":47.49433,"y":19.05383},"TARS_ROV_NEV":"HIDROMECH 2001 KFT.","CIM_EGYBEN":"1052 Budapest V\\, Petőfi Sándor utca 12. 8/4."},{"coordinate":{"x":47.95219,"y":21.71074},"TARS_ROV_NEV":"VIZITERV ENVIRON KFT.","CIM_EGYBEN":"4400 Nyíregyháza Széchenyi utca 15.\\, III.."},{"coordinate":{"x":47.48259,"y":19.10341},"TARS_ROV_NEV":"MAGYAR LAKÁS-INNOVÁCIÓS KHT.","CIM_EGYBEN":"1087 Budapest VIII\\, Könyves Kálmán körút 76."},{"coordinate":{"x":47.44707,"y":19.10221},"TARS_ROV_NEV":"PEKÁS KFT.","CIM_EGYBEN":"1203 Budapest Határ út 36."},{"coordinate":{"x":47.50596,"y":19.13562},"TARS_ROV_NEV":"ACORN INVEST KFT.","CIM_EGYBEN":"1148 Budapest Örs vezér tere 11.\\, fszt./3.ajtó"},{"coordinate":{"x":47.50978,"y":19.05991},"TARS_ROV_NEV":"BUSINESS LAPOK MÉDIA KIADÓ KFT.","CIM_EGYBEN":"1066 Budapest VI\\, Podmaniczky utca 33.\\, II.\\\\26.ajtó"},{"coordinate":{"x":47.54093,"y":21.6402},"TARS_ROV_NEV":"DEBRECENI INFO PARK NONPROFIT KÖZHASZNÚ KFT.","CIM_EGYBEN":"4028 Debrecen\\, Kassai u. 26."},{"coordinate":{"x":47.54594,"y":19.04219},"TARS_ROV_NEV":"BS-COM KFT.","CIM_EGYBEN":"1035 Budapest Szentendrei út 18."},{"coordinate":{"x":48.10260822939747,"y":21.65190112900624},"TARS_ROV_NEV":"BUJI ZSERBÓ CUKRÁSZAT KFT.","CIM_EGYBEN":"4483 Buj Rákóczi utca 9."},{"coordinate":{"x":48.36819,"y":20.62719},"TARS_ROV_NEV":"SZILÁGYI ÉS KINCS KFT.","CIM_EGYBEN":"3733 Rudabánya Arany János utca 24."},{"coordinate":{"x":47.50644,"y":19.02552},"TARS_ROV_NEV":"AQUA SZERVIZ KFT.","CIM_EGYBEN":"1012 Budapest I\\, Vérmező utca 12. fszt. 1/a."},{"coordinate":{"x":47.66764,"y":19.67982},"TARS_ROV_NEV":"HATVAN-TISZK KFT.","CIM_EGYBEN":"3000 Hatvan Vécsey utca 2."},{"coordinate":{"x":47.50485,"y":19.05464},"TARS_ROV_NEV":"VPE KFT.","CIM_EGYBEN":"1054 Budapest V\\, Bajcsy-Zsilinszky út 48."},{"coordinate":{"x":47.49202,"y":19.07861},"TARS_ROV_NEV":"BOSCH CATERING KFT.","CIM_EGYBEN":"1084 Budapest József utca 61.\\, fszt./6.ajtó"},{"coordinate":{"x":46.08046,"y":18.21062},"TARS_ROV_NEV":"PTE POLITECHNIKA KFT.","CIM_EGYBEN":"7624 Pécs Boszorkány utca 2."},{"coordinate":{"x":48.10623,"y":20.74197},"TARS_ROV_NEV":"GDH KFT.","CIM_EGYBEN":"3530 Miskolc Őrs utca 31."},{"coordinate":{"x":47.55656,"y":21.62837},"TARS_ROV_NEV":"AVE-FON KFT.","CIM_EGYBEN":"4012 Debrecen\\, Nagyerdei krt. 98."},{"coordinate":{"x":47.46977,"y":19.04514},"TARS_ROV_NEV":"VERKO-LINEA KFT.","CIM_EGYBEN":"1119 Budapest Fehérvári út 46."},{"coordinate":{"x":47.45509,"y":18.95569},"TARS_ROV_NEV":"FOTODIGITALL FÉNYKÉPÉSZETI ÉS KERESKEDELMI KFT.","CIM_EGYBEN":"2040 Budaörs Petőfi Sándor  utca 71."},{"coordinate":{"x":47.92863,"y":21.04299},"TARS_ROV_NEV":"TRITRONIK KFT.","CIM_EGYBEN":"3580 Tiszaújváros Lórántffy Zsuzsanna utca 14."},{"coordinate":{"x":47.50802,"y":19.19288},"TARS_ROV_NEV":"TÉGLA 20-03 KFT.","CIM_EGYBEN":"1165 Budapest Hunyadvár utca 7."},{"coordinate":{"x":47.52092,"y":19.11438},"TARS_ROV_NEV":"DOLCE QUATTRO FRUTTA KFT.","CIM_EGYBEN":"1147 Budapest Csömöri  út 9-11."},{"coordinate":{"x":47.55396,"y":21.62158},"TARS_ROV_NEV":"CETOX KFT.","CIM_EGYBEN":"4032 Debrecen\\, Egyetem tér 1."},{"coordinate":{"x":47.59621403756103,"y":19.28485273584864},"TARS_ROV_NEV":"SÓSTÓ PARK HOTEL KFT.","CIM_EGYBEN":"4431 Nyíregyháza (Sóstófürdő)\\, Tölgyes utca 68."},{"coordinate":{"x":47.44586,"y":19.09217},"TARS_ROV_NEV":"SZINTÉZIS-CLUB KFT.","CIM_EGYBEN":"1095 Budapest Soroksári út 160."},{"coordinate":{"x":47.460201263427734,"y":18.952909469604492},"TARS_ROV_NEV":"MAGYAR LÉGIMENTŐ NONPROFIT KFT.","CIM_EGYBEN":"2040 Budaörs Légimentő út 8."},{"coordinate":{"x":47.49579,"y":19.05698},"TARS_ROV_NEV":"ELTE EGYETEMI SZOLGÁLTATÁSSZERVEZŐ KFT.","CIM_EGYBEN":"1052 Budapest\\, Gerlóczy u. 11."},{"coordinate":{"x":46.07181,"y":18.27918},"TARS_ROV_NEV":"AGORA KFT.","CIM_EGYBEN":"7630 Pécs Bajor utca 6."},{"coordinate":{"x":48.02012,"y":21.74121},"TARS_ROV_NEV":"NYÍRSÉG-FÉM BAU KFT.","CIM_EGYBEN":"4481 Nyíregyháza (Sóstóhegy)\\, Nyírség utca 24."},{"coordinate":{"x":48.10201,"y":20.8088},"TARS_ROV_NEV":"MVHR KFT.","CIM_EGYBEN":"3527 Miskolc Baross G. utca 17."},{"coordinate":{"x":47.43163,"y":19.12469},"TARS_ROV_NEV":"ROBERT MARVEL KFT.","CIM_EGYBEN":"1204 Budapest XX\\, Eperjes utca 31."},{"coordinate":{"x":47.5392,"y":19.13804},"TARS_ROV_NEV":"VARSI AUTÓ KFT.","CIM_EGYBEN":"1156 Budapest XV\\, Nyírpalota út VII/26."},{"coordinate":{"x":48.1024,"y":20.67577},"TARS_ROV_NEV":"ARCHINVESTORG KFT.","CIM_EGYBEN":"3535 Miskolc Karinthy Frigyes  utca 14."},{"coordinate":{"x":47.77791,"y":19.9147},"TARS_ROV_NEV":"GYÖNGYÖS-TISZK KFT.","CIM_EGYBEN":"3200 Gyöngyös Kócsag utca 36-38"},{"coordinate":{"x":48.40042,"y":22.18157},"TARS_ROV_NEV":"ZÁHONY TÉRSÉGI LOGISZTIKAI KLASZTER KFT.","CIM_EGYBEN":"4625 Záhony\\, Európa tér 20."},{"coordinate":{"x":47.5903,"y":19.03886},"TARS_ROV_NEV":"FEVILL ELECTRIC KFT.","CIM_EGYBEN":"1125 Budapest Gyöngyvirág utca 15/E."},{"coordinate":{"x":47.53243,"y":19.16816},"TARS_ROV_NEV":"ENGBAU 2004 KFT.","CIM_EGYBEN":"1162 Budapest XVI\\, Baross utca 157."},{"coordinate":{"x":48.25435,"y":20.64986},"TARS_ROV_NEV":"TÖMI-VILL-TECH KFT.","CIM_EGYBEN":"3700 Kazincbarcika\\, Múcsonyi út 1."},{"coordinate":{"x":47.51797,"y":19.01515},"TARS_ROV_NEV":"TUTTI HUNGARY KFT.","CIM_EGYBEN":"1022 Budapest Alvinci út 35."},{"coordinate":{"x":47.5095952,"y":19.1445504},"TARS_ROV_NEV":"ÉP-HUNGÁRIA KFT.","CIM_EGYBEN":"1144 Budapest Füredi utca 15.\\\\B.\\, VI.\\\\151.ajtó"},{"coordinate":{"x":47.50725,"y":19.16089},"TARS_ROV_NEV":"PRO-CREDIT CAR KFT.","CIM_EGYBEN":"1163 Budapest Czirák utca 23.\\, I.\\\\8.ajtó"},{"coordinate":{"x":48.09967,"y":20.78965},"TARS_ROV_NEV":"NINAUSZ ÉS TÁRSA KFT.","CIM_EGYBEN":"3530 Miskolc\\, Vörösmarty út 36."},{"coordinate":{"x":47.51589,"y":19.11455},"TARS_ROV_NEV":"DELTA-BAU 2005 KFT.","CIM_EGYBEN":"1149 Budapest\\, Angol utca 38."},{"coordinate":{"x":47.89902114868164,"y":20.373600006103516},"TARS_ROV_NEV":"BERVA RT.","CIM_EGYBEN":"3300 Eger 096/19. hrsz."},{"coordinate":{"x":48.00558,"y":22.07568},"TARS_ROV_NEV":"GLOBAL-THES KFT.","CIM_EGYBEN":"4561 Baktalórántháza\\, Kossuth Lajos utca 67."},{"coordinate":{"x":47.4776,"y":19.0778},"TARS_ROV_NEV":"CARPE DIEM TRADE KFT.","CIM_EGYBEN":"1095 Budapest Gát utca 21.\\, fszt.\\\\1.ajtó"},{"coordinate":{"x":47.51921,"y":19.06311},"TARS_ROV_NEV":"EX PARTNER 03 KFT.","CIM_EGYBEN":"1134 Budapest XIII\\, Kassák L. utca 52."},{"coordinate":{"x":47.52616,"y":21.61368},"TARS_ROV_NEV":"INNOVA ÉSZAK-ALFÖLD NONPROFIT KFT.","CIM_EGYBEN":"4031 Debrecen\\, Kürtös u. 4."},{"coordinate":{"x":47.44236,"y":19.03895},"TARS_ROV_NEV":"EUROKER-FER 2003 KFT.","CIM_EGYBEN":"1116 Budapest XI\\, Kisköre utca 8. -. ép. 3. em. 13."},{"coordinate":{"x":45.981910705566406,"y":18.260040283203125},"TARS_ROV_NEV":"PÉCS-POGÁNYI REPÜLŐTERET MŰKÖDTETŐ KFT.","CIM_EGYBEN":"7666 Pogány külterület 08 hrsz."},{"coordinate":{"x":47.97138,"y":21.71607},"TARS_ROV_NEV":"CAMPUS-LAND NONPROFIT KFT.","CIM_EGYBEN":"4400 Nyíregyháza\\, Sóstói út 31. B. ép."},{"coordinate":{"x":47.62243,"y":19.60406},"TARS_ROV_NEV":"MENTOSTRADE KFT.","CIM_EGYBEN":"2194 Tura Bem József utca 22."},{"coordinate":{"x":47.55335,"y":21.62284},"TARS_ROV_NEV":"DEBRECENI NYÁRI EGYETEM NONPROFIT KÖZHASZNÚ KFT.","CIM_EGYBEN":"4032 Debrecen Egyetem tér  2."},{"coordinate":{"x":48.09232,"y":20.78599},"TARS_ROV_NEV":"MITIME NONPROFIT KFT.","CIM_EGYBEN":"3529 Miskolc\\, Csabai kapu 9-11."},{"coordinate":{"x":47.48901,"y":19.05724},"TARS_ROV_NEV":"ELTE PEREGRINUS HOTEL KFT.","CIM_EGYBEN":"1056 Budapest\\, Szerb u. 3."},{"coordinate":{"x":47.61476,"y":18.91689},"TARS_ROV_NEV":"MUNCZ P. KFT.","CIM_EGYBEN":"2085 Pilisvörösvár Vájár utca 8."},{"coordinate":{"x":48.25297164916992,"y":20.62318992614746},"TARS_ROV_NEV":"ÉHSÉGSZALON KFT.","CIM_EGYBEN":"3700 Kazincbarcika\\, Szervíz utca 1."},{"coordinate":{"x":47.49891,"y":19.05513},"TARS_ROV_NEV":"BUDAPEST FILMSTÚDIÓ KFT.","CIM_EGYBEN":"1065 Budapest Bajcsy-Zsilinszky út 7."},{"coordinate":{"x":47.47952,"y":19.09164},"TARS_ROV_NEV":"SEMMELWEIS KIADÓ ÉS MULTIMÉDIA STÚDIÓ KFT.","CIM_EGYBEN":"1089 Budapest VIII\\, Nagyvárad tér 4. 2. em."},{"coordinate":{"x":47.38836,"y":19.11448},"TARS_ROV_NEV":"HUNGARO-KOB KFT.","CIM_EGYBEN":"1239 Budapest Sodronyos utca 18."},{"coordinate":{"x":47.82876,"y":21.67614},"TARS_ROV_NEV":"ÚJFEHÉRTÓI GYKSZ NONPROFITKÖZHASZNÚ KFT.","CIM_EGYBEN":"4244 Újfehértó\\, Vadastag 2."},{"coordinate":{"x":48.0992332,"y":20.7819434},"TARS_ROV_NEV":"BOROS-ZÖLDSÉG KFT.","CIM_EGYBEN":"3530 Miskolc Földes Ferenc utca 17."},{"coordinate":{"x":47.81269,"y":20.23342},"TARS_ROV_NEV":"EGERERDŐ ZRT.","CIM_EGYBEN":"3300 Eger (Felnémet)\\, Kossuth Lajos utca 18."},{"coordinate":{"x":47.651161193847656,"y":19.479259490966797},"TARS_ROV_NEV":"FUVARGO KFT.","CIM_EGYBEN":"2170 Aszód Kossuth L. út 12."},{"coordinate":{"x":47.49371,"y":19.1246},"TARS_ROV_NEV":"EXPO PARK KFT.","CIM_EGYBEN":"1101 Budapest Albertirsai út 10."},{"coordinate":{"x":47.80152130126953,"y":21.68585968017578},"TARS_ROV_NEV":"ÚJFEHÉRTÓI GYKSZ NONPROFIT KÖZHASZNÚ KFT.","CIM_EGYBEN":"4244 Újfehértó\\, Vadas-tag 2."},{"coordinate":{"x":47.49698,"y":19.06927},"TARS_ROV_NEV":"FONCIERE POLYGONE HUNGARIA KFT.","CIM_EGYBEN":"1072 Budapest\\, Rákóczi út 42. 9. em."},{"coordinate":{"x":47.56157,"y":19.08768},"TARS_ROV_NEV":"M ÉS G KFT.","CIM_EGYBEN":"1042 Budapest IV\\, Szent István tér 7\\\\B."},{"coordinate":{"x":47.49441,"y":19.01852},"TARS_ROV_NEV":"CAMPUS PRAKTIKA KIEMELKEDŐEN KÖZHASZNÚ NONPROFIT K","CIM_EGYBEN":"4032 Budapest\\, Böszörményi  út 138."},{"coordinate":{"x":47.549078,"y":19.0431776},"TARS_ROV_NEV":"MILLENIUM-BAU KFT.","CIM_EGYBEN":"1030 Budapest\\, Szentendrei út 36. 2. em. 14."},{"coordinate":{"x":47.50759,"y":19.14959},"TARS_ROV_NEV":"ING-VILL-07 KFT.","CIM_EGYBEN":"1144 Budapest XIV\\, Szentmihályi út 4. fszt. 9."},{"coordinate":{"x":46.04662,"y":18.21889},"TARS_ROV_NEV":"PP MACRO KFT.","CIM_EGYBEN":"7632 Pécs Zsuzsanna utca 13. III.10."},{"coordinate":{"x":48.20926,"y":20.29133},"TARS_ROV_NEV":"ALMÁSI BALOGH PÁL KÓRHÁZ\\, ÓZD","CIM_EGYBEN":"3600 Ózd\\, Béke u. 1."},{"coordinate":{"x":47.51814,"y":21.65149},"TARS_ROV_NEV":"ALFÖLD SZAKKÉPZŐ NONPROFIT KÖZHASZNÚ KFT.","CIM_EGYBEN":"4030 Debrecen Fokos utca 12."},{"coordinate":{"x":47.48662,"y":19.08036},"TARS_ROV_NEV":"TRANSZ-METÁL KFT.","CIM_EGYBEN":"1083 Budapest VIII\\, Práter utca 59. 3. em. 45."},{"coordinate":{"x":48.10616,"y":20.81157},"TARS_ROV_NEV":"FILHARMÓNIA KELET-MAGYARORSZÁG NONPROFIT KFT.","CIM_EGYBEN":"3525 Miskolc\\, Kossuth utca 3. fszt. 2."},{"coordinate":{"x":47.9468588,"y":21.726343},"TARS_ROV_NEV":"MAROMORI KFT.","CIM_EGYBEN":"4400 Nyíregyháza Kert út 28.\\, III.\\\\16.ajtó"},{"coordinate":{"x":47.51586,"y":19.18447},"TARS_ROV_NEV":"AGRO-TOURMIX KFT.","CIM_EGYBEN":"1165 Budapest\\, Linda tér 7. 1. em. 3."},{"coordinate":{"x":47.54974,"y":19.14001},"TARS_ROV_NEV":"LIKVID TRADE 2010 KFT.","CIM_EGYBEN":"1156 Budapest Szilas park 2.\\, 2./fszt.ajtó"},{"coordinate":{"x":47.44176,"y":19.16738},"TARS_ROV_NEV":"CLEAN-CLEAR KFT.","CIM_EGYBEN":"1181 Budapest XVIII\\, Havanna utca 20."},{"coordinate":{"x":47.58204,"y":21.15712},"TARS_ROV_NEV":"HORTOBÁGYI NONPROFIT KFT.","CIM_EGYBEN":"4071 Hortobágy Czinege János utca 1."},{"coordinate":{"x":47.4995014,"y":19.1038639},"TARS_ROV_NEV":"HONVÉD EGYÜTTES NONPROFIT KFT.","CIM_EGYBEN":"1087 Budapest Kerepesi út 29/B."},{"coordinate":{"x":47.4036303,"y":19.1894082},"TARS_ROV_NEV":"SPURI MOBIL KFT.","CIM_EGYBEN":"1188 Budapest Kölcsey utca 107./B."},{"coordinate":{"x":46.07357,"y":18.27441},"TARS_ROV_NEV":"INNOVÁCIÓS ÉS TECHNOLÓGIA FEJLESZTÉSI KÖZPONT NONPROFIT KFT.","CIM_EGYBEN":"7630 Pécs Finn utca 1/1."},{"coordinate":{"x":47.51039,"y":19.01819},"TARS_ROV_NEV":"JA 31 KFT.","CIM_EGYBEN":"1026 Budapest Garas utca 8-10.\\, fszt.\\\\1.ajtó"},{"coordinate":{"x":47.31999,"y":19.01101},"TARS_ROV_NEV":"VADIMED12 KFT.","CIM_EGYBEN":"2315 Szigethalom Balassi Bálint köz 4."},{"coordinate":{"x":47.5260635,"y":19.0655885},"TARS_ROV_NEV":"GYETVAICAR KFT.","CIM_EGYBEN":"1134 Budapest Csángó utca 4/B.\\, II./14.ajtó"},{"coordinate":{"x":47.50467,"y":19.05318},"TARS_ROV_NEV":"KREATÍV CARPATHIA KFT.","CIM_EGYBEN":"1054 Budapest Nagysándor József utca 4."},{"coordinate":{"x":47.42458,"y":19.0885},"TARS_ROV_NEV":"TECHSUPPLY HUNGARY KFT.","CIM_EGYBEN":"1212 Budapest Dunadűlő utca 3. C. ép. 4. em. 23."},{"coordinate":{"x":47.58864,"y":19.06248},"TARS_ROV_NEV":"ESCARGOT CONSULT KFT.","CIM_EGYBEN":"1039 Budapest Gyula utca 62."},{"coordinate":{"x":47.56936,"y":18.41434},"TARS_ROV_NEV":"VÉRTES VOLÁN ZRT.","CIM_EGYBEN":"2800 Tatabánya\\, Csaba u. 19."},{"coordinate":{"x":47.79181,"y":19.11789},"TARS_ROV_NEV":"DMRV ZRT.","CIM_EGYBEN":"2600 Vác Kodály Zoltán út 3."},{"coordinate":{"x":48.0849,"y":20.77566},"TARS_ROV_NEV":"BEN NEVIS NYELVISKOLA KFT.","CIM_EGYBEN":"3524 Miskolc Kölcsey Ferenc út 7.\\, fszt.\\\\3.ajtó"},{"coordinate":{"x":47.47995,"y":19.07619},"TARS_ROV_NEV":"SAX ÉS TÁRSA KFT.","CIM_EGYBEN":"1094 Budapest IX\\, Balázs Béla út 28/b. 1. em."},{"coordinate":{"x":47.48101,"y":19.07904},"TARS_ROV_NEV":"BIOKIBERNETIKA KFT.","CIM_EGYBEN":"1094 Budapest\\, Tűzoltó u. 58."},{"coordinate":{"x":47.88423,"y":20.68533},"TARS_ROV_NEV":"ABA-SZER KFT.","CIM_EGYBEN":"3554 Bükkaranyos Petőfi utca 28."},{"coordinate":{"x":47.54983,"y":19.04472},"TARS_ROV_NEV":"NICSAK KFT.","CIM_EGYBEN":"1033 Budapest III\\, Bogdáni út 1."},{"coordinate":{"x":47.5194561,"y":18.9792434},"TARS_ROV_NEV":"MOKÉP-PANNÓNIA KFT.","CIM_EGYBEN":"1021 Budapest Budakeszi út 51."},{"coordinate":{"x":47.58271,"y":18.39181},"TARS_ROV_NEV":"VÉRTESI ERDŐ ZRT.","CIM_EGYBEN":"2800 Tatabánya\\, Dózsakert u. 63."},{"coordinate":{"x":48.1029,"y":20.78896},"TARS_ROV_NEV":"NORDA NONPROFIT KFT.","CIM_EGYBEN":"3525 Miskolc\\, Széchenyi utca 107."},{"coordinate":{"x":47.51615,"y":19.04953},"TARS_ROV_NEV":"PLATO PROJECT INGATLANFEJLESZTŐ KFT.","CIM_EGYBEN":"1137 Budapest Radnóti Miklós utca 38. III/14."},{"coordinate":{"x":47.56772,"y":19.12051},"TARS_ROV_NEV":"KLEIN CREDIT-BAU KFT.","CIM_EGYBEN":"1204 Budapest XX\\, Pozsony utca 38."},{"coordinate":{"x":47.53421,"y":21.61161},"TARS_ROV_NEV":"REG-EÜINFO NONPROFIT KÖZHASZNÚ KFT.","CIM_EGYBEN":"4031 Debrecen\\, Bartók Béla u. 2-26."},{"coordinate":{"x":47.9988268,"y":21.7303679},"TARS_ROV_NEV":"LUX-KERT KFT.","CIM_EGYBEN":"4400 Nyíregyháza Korányi Frigyes  út 296."}]