[{"coordinate":{"x":46.89453,"y":16.95974},"TARS_ROV_NEV":"\nLatorcai 2009 s.r.o.","CIM_EGYBEN":"943 57 Kamenín (Kéménd) Kamenín utca 57"},{"coordinate":{"x":46.36146,"y":25.79823},"TARS_ROV_NEV":"\nSC SZABOLCS-HAR SRL","CIM_EGYBEN":"530130 Miercurea Ciuc (Csíkszereda), Str. Kossuth Lajos u. 21."},{"coordinate":{"x":47.50512,"y":19.06084},"TARS_ROV_NEV":"\nNEKSZT Kft.","CIM_EGYBEN":"1066 Budapest, Mozsár utca 16."},{"coordinate":{"x":46.17992,"y":18.95186},"TARS_ROV_NEV":"\nGemenc Zrt.","CIM_EGYBEN":"6500., Baja, Szent Imre tér 2."},{"coordinate":{"x":47.4658,"y":19.00626},"TARS_ROV_NEV":"\nHemisphere Kockázati Tõkealap-kezelõ Zrt.","CIM_EGYBEN":"1118 Budapest, Rétköz utca 5. IV. em."},{"coordinate":{"x":53.57648,"y":9.88791},"TARS_ROV_NEV":"\nEuropean XFEL GmbH.","CIM_EGYBEN":"22761 Hamburg, Albert-Einstein-Ring 19"},{"coordinate":{"x":47.50006,"y":19.11691},"TARS_ROV_NEV":"\nKincsem Nemzeti Kft.","CIM_EGYBEN":"1101 Budapest, Albertirsai út 2-4."},{"coordinate":{"x":47.55811,"y":19.07664},"TARS_ROV_NEV":"\nGANZ-DANUBIUS Végelszámolás alatt","CIM_EGYBEN":"1138 Budapest, Váci út 202."},{"coordinate":{"x":47.51625,"y":19.19723},"TARS_ROV_NEV":"\nGENERALIMPEX f.a.","CIM_EGYBEN":"1113 Budapest, Ulászló u.39-4. II. lph. 156. fszt.4."},{"coordinate":{"x":47.53399,"y":19.04154},"TARS_ROV_NEV":"\nBUDAPRINT","CIM_EGYBEN":"1036 Budapest III, Fényes Adolf utca 19-21."},{"coordinate":{"x":47.53496,"y":19.04158},"TARS_ROV_NEV":"\nBUDAPRINT","CIM_EGYBEN":"1036 Budapest, Fényes Adolf u.19-21."},{"coordinate":{"x":47.49395,"y":19.05983},"TARS_ROV_NEV":"\nMÉLYÉPTERV F.A.","CIM_EGYBEN":"1053 Budapest, Múzeum krt. 1/b."},{"coordinate":{"x":47.52663,"y":19.07528},"TARS_ROV_NEV":"\nVÁV felszámolás alatt","CIM_EGYBEN":"1135 Budapest XIII, Csata utca 8."},{"coordinate":{"x":47.52652,"y":19.07464},"TARS_ROV_NEV":"\nVÁV felszámolás alatt","CIM_EGYBEN":"1135 Budapest, Csata u. 8."},{"coordinate":{"x":47.55371,"y":19.09483},"TARS_ROV_NEV":"\nDUNABAU 43.","CIM_EGYBEN":"1045 Budapest, Chinoin u. 20."},{"coordinate":{"x":47.49399,"y":19.05238},"TARS_ROV_NEV":"\nTÉKA Könyvértékesitõ és Könyvkiadó Vállalat /Felszámolás alatt /","CIM_EGYBEN":"1134 Budapest Váci út 19."},{"coordinate":{"x":47.49438,"y":19.05218},"TARS_ROV_NEV":"\nTÉKA Könyvértékesitõ és Könyvkiadó Vállalat /Felszámolás alatt /","CIM_EGYBEN":"1134 Budapest XIII, Váci út 19."},{"coordinate":{"x":47.48771,"y":19.16416},"TARS_ROV_NEV":"\nKÕPORC Elektronikai Alkatrész és Mûszaki Kerámiagyártó Vállalat felszámolás alatt","CIM_EGYBEN":"1106 Budapest Tárna utca 4."},{"coordinate":{"x":47.50286,"y":19.06987},"TARS_ROV_NEV":"\nFõvárosi Patyolat Vállalat v.a.","CIM_EGYBEN":"1074 Budapest, Csengery u. 11."},{"coordinate":{"x":47.49117,"y":19.05242},"TARS_ROV_NEV":"\nCentrum Áruházak Vállalat felszámolás alatt","CIM_EGYBEN":"1056 Budapest V, Molnár utca 1."},{"coordinate":{"x":47.4806798,"y":19.1397193},"TARS_ROV_NEV":"\nSZIM f.a.","CIM_EGYBEN":"1103 Budapest Óhegy utca 2-4."},{"coordinate":{"x":47.50857,"y":19.1618},"TARS_ROV_NEV":"\nEMG","CIM_EGYBEN":"1163 Budapest, Cziráky u.  26-32."},{"coordinate":{"x":47.49972152709961,"y":19.05508041381836},"TARS_ROV_NEV":"\nÓcsa-Soroksár Szövetkezet","CIM_EGYBEN":"1239 Budapest, Soroksár, Tanyaközpont"},{"coordinate":{"x":47.50589,"y":19.09108},"TARS_ROV_NEV":"\nUNIO Garancia Szövetkezet f.a.","CIM_EGYBEN":"1146 Budapest Thököly út 58-60."},{"coordinate":{"x":47.50185,"y":19.08415},"TARS_ROV_NEV":"\nUNIO Garancia Szövetkezet","CIM_EGYBEN":"1146 Budapest XIV, Thököly út 58-60."},{"coordinate":{"x":47.48129,"y":19.05638},"TARS_ROV_NEV":"\nMISZ Mûegyetemi Iskolaszövetkezet","CIM_EGYBEN":"1111 Budapest, Mûegyetem rakpart 3.K ép.I/ 51.A."},{"coordinate":{"x":47.50058,"y":19.07479},"TARS_ROV_NEV":"\nSzent Kozma Bt.","CIM_EGYBEN":"1074 Budapest, Alsó erdõsor utca 7."},{"coordinate":{"x":47.59498,"y":19.12027},"TARS_ROV_NEV":"\nMED.TECH.PORT. BT","CIM_EGYBEN":"1046 Budapest IV, Külsõ Szilágyi út 104. II/8."}]